dataset,setting,design,method,n,strength,reps,ref_mse,selected_mse,c2_mse,selected_gain,selected_gain_ci_low,selected_gain_ci_high,c2_gain,path_activation,c2_activation,selected_harm_rate,c2_harm_rate,mean_rho,sd_rho,mean_rho2,mean_p_rmse,mean_abs_kappa,mean_p_floor_share,mean_selected_tau,ref_weighted_residual_square,selected_weighted_residual_square,weighted_residual_square_reduction,weighted_residual_square_delta,ref_unweighted_residual_square,selected_unweighted_residual_square,unweighted_residual_square_reduction,unweighted_residual_square_delta,mean_rep_weighted_residual_square_reduction,mean_rep_unweighted_residual_square_reduction,replay_selected_gamma_match_failures,replay_selected_tau_match_failures,cui_propensity_learners,significance_class
ACIC 2016,"ACIC 2016 A, strength=0",acic2016_semisynth,aipw,3000,0.0,96,0.0046879204507257145,0.004724009961883216,0.004724009961883216,-0.007698405196255864,-0.04075051313903588,0.027589072749457134,-0.007698405196255864,0.052083333333333336,0.052083333333333336,0.03125,0.03125,4.1915966024293185,0.30047828996799697,17.6597692802391,0.24222518733331566,0.6625510631597217,0.10932291666666666,0.05000000000000001,1.6491433751409168,1.6572045492231953,-0.004888097786882595,-0.008061174082278466,0.5352386588589084,0.5385681661761982,-0.006220603206031461,-0.0033295073172897593,-0.005019547046059394,-0.005966635523473804,0,0,,crosses_zero
ACIC 2016,"ACIC 2016 A, strength=0",acic2016_semisynth,ctmle,3000,0.0,96,0.0011400337706658095,0.0011400337706658095,0.0011400337706658095,0.0,0.0,0.0,0.0,0.0,0.0,0.0,0.0,0.48196138346178724,0.015498450218015682,0.23252697710756023,0.24684712191358982,0.31097352384166477,0.0,0.5,1.6505048357582153,1.6505048357582153,0.0,0.0,0.5351849433597672,0.5351849433597672,0.0,0.0,0.0,0.0,0,0,,crosses_zero
ACIC 2016,"ACIC 2016 A, strength=0",acic2016_semisynth,cui_selective_ml,3000,0.0,96,0.001156901809422921,0.0011611011732909056,0.0011611011732909056,-0.0036298360273800956,-0.027301503140305234,0.017344019442245194,-0.0036298360273800956,0.21875,0.21875,0.13541666666666666,0.13541666666666666,0.630381425585144,0.4788047875805997,0.6266347663328616,0.17912438627472063,0.2554299320243118,0.002642361111111111,nan,0.8867613541133902,0.8888165438329633,-0.0023176356412464294,-0.0020551897195730806,0.24185975748240518,0.24026833243086357,0.006579949753143133,0.0015914250515416117,-0.001033607979963128,0.007031055414926158,0,0,gradient_boosting:29;logistic_l1:16;random_forest:51,crosses_zero
ACIC 2016,"ACIC 2016 A, strength=0",acic2016_semisynth,ma_dr_bc,3000,0.0,96,0.007966825088432996,0.007959599059297216,0.007959599059297216,0.0009070149093985957,-0.008236580582795805,0.010539560034266442,0.0009070149093985957,0.052083333333333336,0.052083333333333336,0.010416666666666666,0.010416666666666666,4.1915966024293185,0.30047828996799697,17.6597692802391,0.24222518733331566,0.6625510631597217,0.10932291666666666,0.05000000000000001,1.6491433751409168,1.6572045492231953,-0.004888097786882595,-0.008061174082278466,0.5352386588589084,0.5385681661761982,-0.006220603206031461,-0.0033295073172897593,-0.005019547046059394,-0.005966635523473804,0,0,,crosses_zero
ACIC 2016,"ACIC 2016 A, strength=3",acic2016_semisynth,aipw,3000,3.0,96,0.008370831676548241,0.008214401742624484,0.008214401742624484,0.018687502027070035,-0.0041711725858815715,0.04472204273030283,0.018687502027070035,0.14583333333333334,0.14583333333333334,0.0625,0.0625,4.1448576175828515,0.30624175404469595,17.273628681954968,0.24242835027106932,0.6593295593935996,0.10905902777777778,0.05000000000000001,3.917460275256699,3.910976409963802,0.0016551196023225634,0.0064838652928971285,0.6582664889674082,0.665195329858491,-0.010525890360834955,-0.006928840891082699,0.0016770113699703059,-0.01067067065765275,0,0,,crosses_zero
ACIC 2016,"ACIC 2016 A, strength=3",acic2016_semisynth,ctmle,3000,3.0,96,0.014719192833745808,0.014706319773385953,0.014706319773385953,0.0008745765141646711,-0.0002466215076207756,0.0032720322307785796,0.0008745765141646711,0.020833333333333332,0.020833333333333332,0.010416666666666666,0.010416666666666666,0.4823076855945003,0.013751164031767028,0.23280979809575195,0.2469634736384871,0.3109723841920076,0.0,0.5,3.8813430316411623,3.882328096948717,-0.00025379496208510766,-0.000985065307554489,0.656457678235885,0.6572557136767161,-0.0012156692918510181,-0.0007980354408311241,-0.00025835730602117674,-0.0013231456940302224,0,0,,crosses_zero
ACIC 2016,"ACIC 2016 A, strength=3",acic2016_semisynth,cui_selective_ml,3000,3.0,96,0.01288183805550961,0.012718523126945838,0.012718523126945838,0.012677921260927705,0.0011483317794418802,0.024375132649180318,0.012677921260927705,0.23958333333333334,0.23958333333333334,0.03125,0.03125,0.6389575754639641,0.28562735235005726,0.48984976765329113,0.17055228946204057,0.2478349631633501,0.0038402777777777775,nan,3.518241955540589,3.477566462684102,0.011561311976406419,0.04067549285648697,0.39598522679235976,0.4040978077083059,-0.020487079736942082,-0.008112580915946133,0.010764275320769325,-0.0224399134897406,0,0,gradient_boosting:46;logistic_l1:12;random_forest:38,win
ACIC 2016,"ACIC 2016 A, strength=3",acic2016_semisynth,ma_dr_bc,3000,3.0,96,0.03431678974700542,0.03416874396550804,0.03416874396550804,0.004314091807212206,-0.002663167209091566,0.012030380211048155,0.004314091807212206,0.14583333333333334,0.14583333333333334,0.041666666666666664,0.041666666666666664,4.1448576175828515,0.30624175404469595,17.273628681954968,0.24242835027106932,0.6593295593935996,0.10905902777777778,0.05000000000000001,3.917460275256699,3.910976409963802,0.0016551196023225634,0.0064838652928971285,0.6582664889674082,0.665195329858491,-0.010525890360834955,-0.006928840891082699,0.0016770113699703059,-0.01067067065765275,0,0,,crosses_zero
ACIC 2016,"ACIC 2016 B, strength=0",acic2016_misaligned,aipw,3000,0.0,96,0.004751397394806656,0.00469775863825417,0.00469775863825417,0.011289048693572612,-0.00546761504783278,0.03442946498469304,0.011289048693572612,0.07291666666666667,0.07291666666666667,0.03125,0.03125,4.0986490025370825,0.35237859315856296,16.923094318914632,0.24116234052187333,0.646820008804085,0.1095451388888889,0.05000000000000001,1.6435845613030466,1.6561701196059098,-0.007657384109817311,-0.01258555830286312,0.5331622758268795,0.5384753701802508,-0.00996524809474053,-0.00531309435337135,-0.008354301213333968,-0.009781003017029161,0,0,,crosses_zero
ACIC 2016,"ACIC 2016 B, strength=0",acic2016_misaligned,ctmle,3000,0.0,96,0.0010416340433206303,0.0010416340433206303,0.0010416340433206303,0.0,0.0,0.0,0.0,0.0,0.0,0.0,0.0,0.48115296462188945,0.013746309501415595,0.2316971363893419,0.24731037256775065,0.3115980369188733,0.0,0.5,1.6453397673595198,1.6453397673595198,0.0,0.0,0.5332243783673932,0.5332243783673932,0.0,0.0,0.0,0.0,0,0,,crosses_zero
ACIC 2016,"ACIC 2016 B, strength=0",acic2016_misaligned,cui_selective_ml,3000,0.0,96,0.0008727575597326152,0.0008616630302638576,0.0008616630302638576,0.012712040526072999,0.0006227167000690898,0.031054963871451506,0.012712040526072999,0.19791666666666666,0.19791666666666666,0.08333333333333333,0.08333333333333333,0.6197822940333918,0.8037787613171843,1.0301903891418809,0.1833413665154698,0.26089373318638615,0.0016770833333333334,nan,0.893235785618122,0.8916702875464844,0.0017526145916268998,0.0015654980716376388,0.24197402866938678,0.23934096079903097,0.010881613555120073,0.002633067870355804,0.0022679097115121012,0.011827816864607965,0,0,gradient_boosting:21;logistic_l1:10;random_forest:65,win
ACIC 2016,"ACIC 2016 B, strength=0",acic2016_misaligned,ma_dr_bc,3000,0.0,96,0.010874359301053979,0.010579798731631597,0.010579798731631597,0.027087625235431734,-0.00526541214892694,0.06722527011250466,0.027087625235431734,0.07291666666666667,0.07291666666666667,0.03125,0.03125,4.0986490025370825,0.35237859315856296,16.923094318914632,0.24116234052187333,0.646820008804085,0.1095451388888889,0.05000000000000001,1.6435845613030466,1.6561701196059098,-0.007657384109817311,-0.01258555830286312,0.5331622758268795,0.5384753701802508,-0.00996524809474053,-0.00531309435337135,-0.008354301213333968,-0.009781003017029161,0,0,,crosses_zero
ACIC 2016,"ACIC 2016 B, strength=3",acic2016_misaligned,aipw,3000,3.0,96,0.005449742876996327,0.005404852874417824,0.005404852874417824,0.008237086334473953,-0.002495738664484104,0.02333309884772258,0.008237086334473953,0.08333333333333333,0.08333333333333333,0.03125,0.03125,4.126011006838144,0.30275616095300006,17.115628121544514,0.2419435711538789,0.6536315835951326,0.10679166666666667,0.05000000000000001,1.9413678182138503,1.9502439111420002,-0.0045720820366315085,-0.008876092928149948,0.5960044452351657,0.5998057690411539,-0.00637801250708514,-0.003801323805988188,-0.004753732675932487,-0.006533151188568717,0,0,,crosses_zero
ACIC 2016,"ACIC 2016 B, strength=3",acic2016_misaligned,ctmle,3000,3.0,96,0.0011959498511479572,0.0011959498511479572,0.0011959498511479572,0.0,0.0,0.0,0.0,0.0,0.0,0.0,0.0,0.48275225525886484,0.015864881378221694,0.23330143441866524,0.24669269459841636,0.310851961090226,0.0,0.5,1.9414759912301784,1.9414759912301784,0.0,0.0,0.5959095157312903,0.5959095157312903,0.0,0.0,0.0,0.0,0,0,,crosses_zero
ACIC 2016,"ACIC 2016 B, strength=3",acic2016_misaligned,cui_selective_ml,3000,3.0,96,0.0012134640717155725,0.00123121543278621,0.00123121543278621,-0.014628666381148792,-0.0386799211115653,0.008646941671263028,-0.014628666381148792,0.4375,0.4375,0.3020833333333333,0.3020833333333333,0.5424981025587148,0.11088614017537257,0.3065999273627982,0.1799564271301499,0.25024107301427684,0.0020243055555555557,nan,1.2492193421518534,1.220297559582691,0.02315188501591947,0.028921782569162335,0.3497592985321663,0.3346416034422102,0.04322313989478044,0.015117695089956085,0.022760987619357704,0.042861129958886364,0,0,gradient_boosting:28;logistic_l1:12;random_forest:56,crosses_zero
ACIC 2016,"ACIC 2016 B, strength=3",acic2016_misaligned,ma_dr_bc,3000,3.0,96,0.009993693751247909,0.010034089729717114,0.010034089729717114,-0.0040421469253209,-0.013257608436956636,0.0025053100413674314,-0.0040421469253209,0.08333333333333333,0.08333333333333333,0.052083333333333336,0.052083333333333336,4.126011006838144,0.30275616095300006,17.115628121544514,0.2419435711538789,0.6536315835951326,0.10679166666666667,0.05000000000000001,1.9413678182138503,1.9502439111420002,-0.0045720820366315085,-0.008876092928149948,0.5960044452351657,0.5998057690411539,-0.00637801250708514,-0.003801323805988188,-0.004753732675932487,-0.006533151188568717,0,0,,crosses_zero
ACIC 2017,"ACIC 2017 A, strength=0",acic2017_semisynth,aipw,3000,0.0,96,0.004664962367770018,0.004433499543851026,0.004433499543851026,0.04961729713366103,0.006651309637314623,0.1191993323800837,0.04961729713366103,0.0625,0.0625,0.0,0.0,4.122458062072792,0.35258578512831085,17.11897720942351,0.2427924092128304,0.6591172912606488,0.11384375000000001,0.05000000000000001,1.6817878445700856,1.6968596849225357,-0.008961796460303706,-0.015071840352450128,0.5436792850161245,0.5493660761159654,-0.010459826696675112,-0.005686791099840938,-0.008813191644237515,-0.010299587414202388,0,0,,win
ACIC 2017,"ACIC 2017 A, strength=0",acic2017_semisynth,ctmle,3000,0.0,96,0.001049465555739584,0.001049465555739584,0.001049465555739584,0.0,0.0,0.0,0.0,0.0,0.0,0.0,0.0,0.4845783595688615,0.014961345489296736,0.23504002842129892,0.24635109773023242,0.31105083383897897,0.0,0.5,1.6807009126233226,1.6807009126233226,0.0,0.0,0.5435422637790108,0.5435422637790108,0.0,0.0,0.0,0.0,0,0,,crosses_zero
ACIC 2017,"ACIC 2017 A, strength=0",acic2017_semisynth,cui_selective_ml,3000,0.0,96,0.0009343042609014662,0.0009195466079066623,0.0009195466079066623,0.015795339497397642,-0.0014955520960541976,0.03483791456918187,0.015795339497397642,0.16666666666666666,0.16666666666666666,0.052083333333333336,0.052083333333333336,0.5288721751057329,0.12745292840462935,0.29595002655998454,0.17681317827122744,0.247912112988277,0.00475,nan,0.9038644842630581,0.9017482180310741,0.002341353453786277,0.002116266231984021,0.2484943967545725,0.2450267555376322,0.013954605263655662,0.0034676412169402926,0.002249647678342275,0.01462574649821277,0,0,gradient_boosting:17;logistic_l1:17;random_forest:62,crosses_zero
ACIC 2017,"ACIC 2017 A, strength=0",acic2017_semisynth,ma_dr_bc,3000,0.0,96,0.013928517166100947,0.013663070479197579,0.013663070479197579,0.019057785099293234,-0.009271081521218283,0.06265872561904828,0.019057785099293234,0.0625,0.0625,0.03125,0.03125,4.122458062072792,0.35258578512831085,17.11897720942351,0.2427924092128304,0.6591172912606488,0.11384375000000001,0.05000000000000001,1.6817878445700856,1.6968596849225357,-0.008961796460303706,-0.015071840352450128,0.5436792850161245,0.5493660761159654,-0.010459826696675112,-0.005686791099840938,-0.008813191644237515,-0.010299587414202388,0,0,,crosses_zero
ACIC 2017,"ACIC 2017 A, strength=3",acic2017_semisynth,aipw,3000,3.0,96,0.005073495747493794,0.0049684367378346,0.0049684367378346,0.020707420462723558,-0.005814582813991564,0.060351319906031785,0.020707420462723558,0.11458333333333333,0.11458333333333333,0.052083333333333336,0.052083333333333336,4.135657970161832,0.3243387415007605,17.20886246540138,0.2433199800838914,0.660533794637429,0.11372569444444446,0.05000000000000001,3.6609199548448412,3.6652255281639388,-0.0011760905379534226,-0.004305573319097533,0.647671345644098,0.6565777072767129,-0.01375135968653618,-0.008906361632614934,-0.0016147185817573702,-0.01420730948826885,0,0,,crosses_zero
ACIC 2017,"ACIC 2017 A, strength=3",acic2017_semisynth,ctmle,3000,3.0,96,0.01270774975276461,0.01270774975276461,0.01270774975276461,0.0,0.0,0.0,0.0,0.0,0.0,0.0,0.0,0.4859343374290144,0.011926590353977657,0.2362744238500468,0.24646288544533754,0.31105379418510437,0.0,0.5,3.6363714017557243,3.6363714017557243,0.0,0.0,0.6463709053186028,0.6463709053186028,0.0,0.0,0.0,0.0,0,0,,crosses_zero
ACIC 2017,"ACIC 2017 A, strength=3",acic2017_semisynth,cui_selective_ml,3000,3.0,96,0.011846873433469641,0.011622247902072677,0.011622247902072677,0.018960743748840492,0.0063860600818262895,0.033023224912014856,0.018960743748840492,0.2916666666666667,0.2916666666666667,0.07291666666666667,0.07291666666666667,0.5863923634173465,0.153458841814722,0.36740562000529725,0.16877271195371527,0.245992027946583,0.007583333333333333,nan,3.372129467555253,3.271833500083728,0.02974262063082589,0.1002959674715247,0.3885602625178129,0.384450042301931,0.010578076587781426,0.004110220215881866,0.028068097012833068,0.010961246237687123,0,0,gradient_boosting:37;logistic_l1:16;random_forest:43,win
ACIC 2017,"ACIC 2017 A, strength=3",acic2017_semisynth,ma_dr_bc,3000,3.0,96,0.025150349693341956,0.024851782392892558,0.024851782392892558,0.011871298176360456,-0.007025240902763519,0.03283986186203318,0.011871298176360456,0.11458333333333333,0.11458333333333333,0.03125,0.03125,4.135657970161832,0.3243387415007605,17.20886246540138,0.2433199800838914,0.660533794637429,0.11372569444444446,0.05000000000000001,3.6609199548448412,3.6652255281639388,-0.0011760905379534226,-0.004305573319097533,0.647671345644098,0.6565777072767129,-0.01375135968653618,-0.008906361632614934,-0.0016147185817573702,-0.01420730948826885,0,0,,crosses_zero
ACIC 2017,"ACIC 2017 B, strength=0",acic2017_misaligned,aipw,3000,0.0,96,0.004611308330142908,0.0046329806232791385,0.0046329806232791385,-0.004699814366036614,-0.022167816159669163,0.006464734756554258,-0.004699814366036614,0.08333333333333333,0.08333333333333333,0.020833333333333332,0.020833333333333332,4.127829720692129,0.29102516046149457,17.1236738470509,0.24294284029924154,0.6631041979913149,0.11437847222222224,0.05000000000000001,1.6357805311751956,1.6485546606149446,-0.007809195180096484,-0.012774129439748982,0.5408130052177693,0.5447913872819133,-0.0073562988052442435,-0.003978382064144026,-0.007677075804344458,-0.007251104745100855,0,0,,crosses_zero
ACIC 2017,"ACIC 2017 B, strength=0",acic2017_misaligned,ctmle,3000,0.0,96,0.001104223530579829,0.001104223530579829,0.001104223530579829,0.0,0.0,0.0,0.0,0.0,0.0,0.0,0.0,0.4833906632508147,0.014486311089842524,0.23387638652705423,0.24634302064332625,0.31140410641298133,0.0,0.5,1.6383449551098987,1.6383449551098987,0.0,0.0,0.5408770038754925,0.5408770038754925,0.0,0.0,0.0,0.0,0,0,,crosses_zero
ACIC 2017,"ACIC 2017 B, strength=0",acic2017_misaligned,cui_selective_ml,3000,0.0,96,0.0010566194219874664,0.0010795449732209485,0.0010795449732209485,-0.02169707536736354,-0.06237873454271277,0.007259917580790855,-0.02169707536736354,0.14583333333333334,0.14583333333333334,0.08333333333333333,0.08333333333333333,0.5096770615957084,0.1125895802637435,0.2724471207008014,0.1754165303730344,0.24193706582677454,0.0041736111111111114,nan,0.894088527076443,0.9080718015608197,-0.015639697928011786,-0.01398327448437664,0.24486073685031262,0.24647270706856894,-0.006583212314850373,-0.00161197021825632,-0.02385314332042296,-0.007350506978315072,0,0,gradient_boosting:17;logistic_l1:8;random_forest:71,crosses_zero
ACIC 2017,"ACIC 2017 B, strength=0",acic2017_misaligned,ma_dr_bc,3000,0.0,96,0.00943291156974319,0.009486112635980752,0.009486112635980752,-0.005639941161773132,-0.020551853274986542,0.006227517649687153,-0.005639941161773132,0.08333333333333333,0.08333333333333333,0.052083333333333336,0.052083333333333336,4.127829720692129,0.29102516046149457,17.1236738470509,0.24294284029924154,0.6631041979913149,0.11437847222222224,0.05000000000000001,1.6357805311751956,1.6485546606149446,-0.007809195180096484,-0.012774129439748982,0.5408130052177693,0.5447913872819133,-0.0073562988052442435,-0.003978382064144026,-0.007677075804344458,-0.007251104745100855,0,0,,crosses_zero
ACIC 2017,"ACIC 2017 B, strength=3",acic2017_misaligned,aipw,3000,3.0,96,0.005836152067653127,0.005793594367667261,0.005793594367667261,0.007292082093223962,-0.009527809774258855,0.027076565092321987,0.007292082093223962,0.11458333333333333,0.11458333333333333,0.0625,0.0625,4.135382265668147,0.27888419999589603,17.17916288020997,0.2419050952436057,0.653296033433567,0.1146875,0.05000000000000001,1.940698435749464,1.9683250192043886,-0.014235381935707947,-0.027626583454924525,0.6054942509596336,0.6139790853217929,-0.01401307171572963,-0.0084848343621593,-0.014488806750019413,-0.014217379231679601,0,0,,crosses_zero
ACIC 2017,"ACIC 2017 B, strength=3",acic2017_misaligned,ctmle,3000,3.0,96,0.0013163998202661723,0.0013163998202661723,0.0013163998202661723,0.0,0.0,0.0,0.0,0.0,0.0,0.0,0.0,0.48146951062842613,0.01326512319031385,0.2319888531580304,0.24653504108991153,0.31060436948834025,0.0,0.5,1.942182898995192,1.942182898995192,0.0,0.0,0.6054894044739013,0.6054894044739013,0.0,0.0,0.0,0.0,0,0,,crosses_zero
ACIC 2017,"ACIC 2017 B, strength=3",acic2017_misaligned,cui_selective_ml,3000,3.0,96,0.0012842365844964337,0.001285631285539559,0.001285631285539559,-0.0010860156609477922,-0.019862477626523885,0.015322185463778825,-0.0010860156609477922,0.4375,0.4375,0.22916666666666666,0.22916666666666666,0.5384538906037927,0.15792806510090546,0.3148738660528769,0.17656617693379265,0.2478059375579551,0.003739583333333333,nan,1.1870141206015459,1.184654400709925,0.0019879459314477987,0.0023597198916209816,0.33579532232420334,0.32413092866550436,0.03473661746674739,0.01166439365869898,0.0016592275857512627,0.03494295601981862,0,0,gradient_boosting:17;logistic_l1:17;random_forest:62,crosses_zero
ACIC 2017,"ACIC 2017 B, strength=3",acic2017_misaligned,ma_dr_bc,3000,3.0,96,0.011487271463651035,0.01164778104290682,0.01164778104290682,-0.013972820244013917,-0.04464555740654303,0.005788422486686873,-0.013972820244013917,0.11458333333333333,0.11458333333333333,0.0625,0.0625,4.135382265668147,0.27888419999589603,17.17916288020997,0.2419050952436057,0.653296033433567,0.1146875,0.05000000000000001,1.940698435749464,1.9683250192043886,-0.014235381935707947,-0.027626583454924525,0.6054942509596336,0.6139790853217929,-0.01401307171572963,-0.0084848343621593,-0.014488806750019413,-0.014217379231679601,0,0,,crosses_zero
IHDP,"IHDP A, strength=0",ihdp_semisynth,aipw,3000,0.0,96,0.003665405720013353,0.0036144928393361344,0.0036144928393361344,0.013890107826053377,0.00039357752412651225,0.03262767564525957,0.013890107826053377,0.11458333333333333,0.11458333333333333,0.041666666666666664,0.041666666666666664,3.051693118453675,0.32591846828010856,9.419053737183567,0.22234766465285993,0.49779042233368886,0.10578819444444444,0.05000000000000001,1.0276210150143015,1.0528869745332143,-0.024586845879714936,-0.02526595951891286,0.4577092388499306,0.46554000122281036,-0.017108595825060968,-0.007830762372879774,-0.028809064762536113,-0.01765080545628843,0,0,,win
IHDP,"IHDP A, strength=0",ihdp_semisynth,ctmle,3000,0.0,96,0.0007650311342005037,0.0007650311342005037,0.0007650311342005037,0.0,0.0,0.0,0.0,0.0,0.0,0.0,0.0,0.5280795075064598,0.01678442041129584,0.27914968301680826,0.2421875224466992,0.32126131688405724,0.0,0.5,1.0291627694200145,1.0291627694200145,0.0,0.0,0.4576383611438559,0.4576383611438559,0.0,0.0,0.0,0.0,0,0,,crosses_zero
IHDP,"IHDP A, strength=0",ihdp_semisynth,cui_selective_ml,3000,0.0,96,0.0006670987909683153,0.0006713233428591465,0.0006713233428591465,-0.006332723050957778,-0.01993655957833171,0.0,-0.006332723050957778,0.010416666666666666,0.010416666666666666,0.010416666666666666,0.010416666666666666,0.4987050295945717,0.09423635210591226,0.2575871966011521,0.17793080781766404,0.258846126860425,0.0009166666666666666,nan,0.16460547613593338,0.1649938794234385,-0.0023596012515669784,-0.00038840328750511244,0.05860798307107897,0.058835493504161986,-0.0038819017676670065,-0.0002275104330830141,-0.005315135813760088,-0.010562077958179225,0,0,gradient_boosting:42;logistic_l1:30;random_forest:24,crosses_zero
IHDP,"IHDP A, strength=0",ihdp_semisynth,ma_dr_bc,3000,0.0,96,0.0074531696000392856,0.007402447016694781,0.007402447016694781,0.006805505049051419,-0.009924455858689368,0.027915954770636596,0.006805505049051419,0.11458333333333333,0.11458333333333333,0.052083333333333336,0.052083333333333336,3.051693118453675,0.32591846828010856,9.419053737183567,0.22234766465285993,0.49779042233368886,0.10578819444444444,0.05000000000000001,1.0276210150143015,1.0528869745332143,-0.024586845879714936,-0.02526595951891286,0.4577092388499306,0.46554000122281036,-0.017108595825060968,-0.007830762372879774,-0.028809064762536113,-0.01765080545628843,0,0,,crosses_zero
IHDP,"IHDP A, strength=3",ihdp_semisynth,aipw,3000,3.0,96,0.004724292332800328,0.004493836316312768,0.004493836316312768,0.04878106608423127,-0.02471472806932925,0.12235687517076925,0.04878106608423127,0.21875,0.21875,0.07291666666666667,0.07291666666666667,3.0001791558242803,0.3794713470413792,9.145073470267889,0.22295356264613064,0.4930553656895522,0.10752430555555555,0.05000000000000001,3.2288375688810778,3.2633042164752606,-0.010674630376692251,-0.03446664759418283,0.5736757110176475,0.5979288900890943,-0.04227681006125206,-0.024253179071446862,-0.011091871781549925,-0.04323822046353235,0,0,,crosses_zero
IHDP,"IHDP A, strength=3",ihdp_semisynth,ctmle,3000,3.0,96,0.01247112435256111,0.01247112435256111,0.01247112435256111,0.0,0.0,0.0,0.0,0.0,0.0,0.0,0.0,0.533156786401816,0.016193407719061692,0.28451838533986745,0.24376574799054015,0.32354954806201713,0.0,0.5,3.172652276044898,3.172652276044898,0.0,0.0,0.5707498624694793,0.5707498624694793,0.0,0.0,0.0,0.0,0,0,,crosses_zero
IHDP,"IHDP A, strength=3",ihdp_semisynth,cui_selective_ml,3000,3.0,96,0.015786173880885535,0.01568341080077863,0.01568341080077863,0.006509688850655282,0.0018318789240360095,0.012486849606954849,0.006509688850655282,0.0625,0.0625,0.0,0.0,0.5092572160777945,0.09502588996922971,0.2683728318917497,0.17432366551181688,0.2552742883543387,0.0009479166666666667,nan,3.014602260921514,2.9965229154791384,0.005997257308779869,0.01807934544237577,0.2245656596303088,0.22623557878455647,-0.007436217794816846,-0.0016699191542476621,0.006373238065614421,-0.0083267029009313,0,0,gradient_boosting:52;logistic_l1:20;random_forest:24,win
IHDP,"IHDP A, strength=3",ihdp_semisynth,ma_dr_bc,3000,3.0,96,0.02743732489984493,0.026165364028081492,0.026165364028081492,0.04635877864939475,0.010912093023892839,0.08677440255336526,0.04635877864939475,0.21875,0.21875,0.0625,0.0625,3.0001791558242803,0.3794713470413792,9.145073470267889,0.22295356264613064,0.4930553656895522,0.10752430555555555,0.05000000000000001,3.2288375688810778,3.2633042164752606,-0.010674630376692251,-0.03446664759418283,0.5736757110176475,0.5979288900890943,-0.04227681006125206,-0.024253179071446862,-0.011091871781549925,-0.04323822046353235,0,0,,win
IHDP,"IHDP B, strength=0",ihdp_misaligned,aipw,3000,0.0,96,0.0037835277655176584,0.00363212990097371,0.00363212990097371,0.04001500026609006,0.009904257909487114,0.07794649917725383,0.04001500026609006,0.13541666666666666,0.13541666666666666,0.020833333333333332,0.020833333333333332,2.9906747564857437,0.3410276170414169,9.060435334666009,0.221820979536147,0.49379120605710874,0.10647222222222223,0.05000000000000001,1.0086579887234024,1.0445574512454971,-0.03559131333261001,-0.03589946252209475,0.4574879178054733,0.46790812296328027,-0.022777006238310582,-0.01042020515780695,-0.03686514190971857,-0.022688367704512425,0,0,,win
IHDP,"IHDP B, strength=0",ihdp_misaligned,ctmle,3000,0.0,96,0.0011000483345700858,0.0011000483345700858,0.0011000483345700858,0.0,0.0,0.0,0.0,0.0,0.0,0.0,0.0,0.5287048700930727,0.01763197088438461,0.27983972605740054,0.24220006619971632,0.32158709470868335,0.0,0.5,1.0134314039796288,1.0134314039796288,0.0,0.0,0.4576166233178736,0.4576166233178736,0.0,0.0,0.0,0.0,0,0,,crosses_zero
IHDP,"IHDP B, strength=0",ihdp_misaligned,cui_selective_ml,3000,0.0,96,0.0007336966218266803,0.0007368886805406952,0.0007368886805406952,-0.004350652052980353,-0.014762599328777392,0.0037696516723244996,-0.004350652052980353,0.041666666666666664,0.041666666666666664,0.03125,0.03125,0.5127763286097807,0.09702229657566802,0.2723528892153427,0.17623029549990474,0.26086060083618134,0.0008923611111111111,nan,0.17287720147104457,0.17642221530799707,-0.020505964966966772,-0.003545013836952493,0.061090853659789425,0.06224748111117478,-0.018932907008085476,-0.001156627451385353,-0.031354153833924016,-0.022895057459954047,0,0,gradient_boosting:45;logistic_l1:32;random_forest:19,crosses_zero
IHDP,"IHDP B, strength=0",ihdp_misaligned,ma_dr_bc,3000,0.0,96,0.008778271435809731,0.008309553538363088,0.008309553538363088,0.05339523855853612,0.003000606796389541,0.13389348134830442,0.05339523855853612,0.13541666666666666,0.13541666666666666,0.041666666666666664,0.041666666666666664,2.9906747564857437,0.3410276170414169,9.060435334666009,0.221820979536147,0.49379120605710874,0.10647222222222223,0.05000000000000001,1.0086579887234024,1.0445574512454971,-0.03559131333261001,-0.03589946252209475,0.4574879178054733,0.46790812296328027,-0.022777006238310582,-0.01042020515780695,-0.03686514190971857,-0.022688367704512425,0,0,,win
IHDP,"IHDP B, strength=3",ihdp_misaligned,aipw,3000,3.0,96,0.0033651650025805064,0.003209283045110023,0.003209283045110023,0.046322233040860805,-0.0008418355566361888,0.11214542210234238,0.046322233040860805,0.13541666666666666,0.13541666666666666,0.052083333333333336,0.052083333333333336,3.108653634700655,0.34544394011136687,9.78305893629726,0.22305704287260683,0.5033689468345192,0.10787847222222223,0.05000000000000001,1.0861951986931955,1.1259692901524228,-0.03661781188784441,-0.03977409145922728,0.4633990693155519,0.47454840104049695,-0.024059892354580725,-0.011149331724945033,-0.03525201020477379,-0.02373522799619519,0,0,,crosses_zero
IHDP,"IHDP B, strength=3",ihdp_misaligned,ctmle,3000,3.0,96,0.0009110210726853294,0.0009110210726853294,0.0009110210726853294,0.0,0.0,0.0,0.0,0.0,0.0,0.0,0.0,0.5326692337789102,0.01771986334347079,0.28405050617152244,0.24279473084516012,0.322583309860335,0.0,0.5,1.0879081248181983,1.0879081248181983,0.0,0.0,0.46340963464855317,0.46340963464855317,0.0,0.0,0.0,0.0,0,0,,crosses_zero
IHDP,"IHDP B, strength=3",ihdp_misaligned,cui_selective_ml,3000,3.0,96,0.0008140338193297175,0.0008121353995263316,0.0008121353995263316,0.0023321141681178492,-0.010079674618474276,0.016050000159449403,0.0023321141681178492,0.07291666666666667,0.07291666666666667,0.041666666666666664,0.041666666666666664,0.4963182710677636,0.114943851910323,0.25954391528767634,0.17905212903985268,0.2546485590642726,0.0007534722222222222,nan,0.35853164907491913,0.3593152182440917,-0.0021854951193132077,-0.0007835691691725488,0.11983543154413145,0.1194870272808566,0.002907356019714036,0.00034840426327485685,-0.0036850087678894235,0.0030567620152506976,0,0,gradient_boosting:44;logistic_l1:14;random_forest:38,crosses_zero
IHDP,"IHDP B, strength=3",ihdp_misaligned,ma_dr_bc,3000,3.0,96,0.009228576166416279,0.009250080921570767,0.009250080921570767,-0.0023302354303305073,-0.038713820626860435,0.032717728855153415,-0.0023302354303305073,0.13541666666666666,0.13541666666666666,0.07291666666666667,0.07291666666666667,3.108653634700655,0.34544394011136687,9.78305893629726,0.22305704287260683,0.5033689468345192,0.10787847222222223,0.05000000000000001,1.0861951986931955,1.1259692901524228,-0.03661781188784441,-0.03977409145922728,0.4633990693155519,0.47454840104049695,-0.024059892354580725,-0.011149331724945033,-0.03525201020477379,-0.02373522799619519,0,0,,crosses_zero
Kang-Schafer,"KS CC, n=1000",kang_schafer_cc,aipw,1000,0.0,96,4.643128695645413,3.2269073719412185,3.2269073719412185,0.3050144453313144,0.12950430265124194,0.4444085059655993,0.3050144453313144,0.9791666666666666,0.9791666666666666,0.375,0.375,2.502811844367001,0.2822949669999215,6.343757576697236,0.2609569748207383,1.3021468580255675,0.1570625,0.05000000000000001,608.5099360364206,453.9452302858929,0.254005229162399,154.56470575052776,124.25376796714228,99.40234545683614,0.20000538347358499,24.851422510306136,0.24698572384954184,0.19902018072936212,0,0,,win
Kang-Schafer,"KS CC, n=1000",kang_schafer_cc,ctmle,1000,0.0,96,2.2491671562509254,1.5648901808170141,1.5648901808170141,0.30423571388731896,0.16457778966470626,0.4197231967184304,0.30423571388731896,1.0,1.0,0.3020833333333333,0.3020833333333333,0.3586070893436832,0.024812284544399477,0.1292146939918606,0.2474016548924056,0.3263362639158038,0.0,0.5,635.3403011650674,409.24443280968444,0.35586577451607493,226.095868355383,125.74606075880654,89.95533780536458,0.28462699139412506,35.79072295344196,0.3453837701926064,0.28340762501413613,0,0,,win
Kang-Schafer,"KS CC, n=1000",kang_schafer_cc,cui_selective_ml,1000,0.0,96,1.4742298667397955,1.4750906476821897,1.4750906476821897,-0.0005838851605264317,-0.0019304238317773502,0.0004046429695367363,-0.0005838851605264317,0.11458333333333333,0.11458333333333333,0.0625,0.0625,0.20462238816908637,0.13516787344551284,0.06014067575180244,0.0732736848293928,0.15472840319805356,0.0036354166666666666,nan,0.09022463014203674,0.1047458429659967,-0.16094510779484317,-0.014521212823959961,0.03001358775645283,0.0346595339881752,-0.15479476393899327,-0.004645946231722372,-0.1606495608127013,-0.18146389988471323,0,0,gradient_boosting:11;logistic_l1:47;random_forest:38,crosses_zero
Kang-Schafer,"KS CC, n=1000",kang_schafer_cc,ma_dr_bc,1000,0.0,96,9.189124984422325,4.863870336034386,4.863870336034386,0.4706927651675473,0.35241238609883857,0.575260961764298,0.4706927651675473,0.9791666666666666,0.9791666666666666,0.3020833333333333,0.3020833333333333,2.502811844367001,0.2822949669999215,6.343757576697236,0.2609569748207383,1.3021468580255675,0.1570625,0.05000000000000001,608.5099360364206,453.9452302858929,0.254005229162399,154.56470575052776,124.25376796714228,99.40234545683614,0.20000538347358499,24.851422510306136,0.24698572384954184,0.19902018072936212,0,0,,win
Kang-Schafer,"KS CC, n=200",kang_schafer_cc,aipw,200,0.0,96,63.369561234217805,47.4455600674958,47.4455600674958,0.2512878558187569,0.08513623467741845,0.3955849212884329,0.2512878558187569,0.5520833333333334,0.5520833333333334,0.20833333333333334,0.20833333333333334,3.3246490564325604,0.867236005766773,11.80538963813622,0.29084220383144477,1.5891309805278098,0.1825520833333333,0.05000000000000001,1187.3918072083168,1075.491024100213,0.09424082466190686,111.90078310810372,322.7538047912473,305.111427656836,0.05466202682202981,17.642377134411333,0.07373140416306136,0.050516303232368075,0,0,,win
Kang-Schafer,"KS CC, n=200",kang_schafer_cc,ctmle,200,0.0,96,11.779932776757391,10.247084526270397,10.247084526270397,0.1301236840257194,0.05554103735043205,0.19498557465072686,0.1301236840257194,0.9375,0.9375,0.3958333333333333,0.3958333333333333,0.40474321685874415,0.06938504564469376,0.16863135615228061,0.26408886529189807,0.3382979713436854,0.0,0.5,1204.3574545785852,993.4905525011226,0.17508664165760224,210.86690207746267,322.8230473161438,263.8258723566832,0.18275391255347417,58.99717495946061,0.17950258777009165,0.1811996869539404,0,0,,win
Kang-Schafer,"KS CC, n=200",kang_schafer_cc,cui_selective_ml,200,0.0,96,7.024340927169317,7.023633227224245,7.023633227224245,0.00010074965785533685,-0.0006001699023111207,0.0007773877462218914,0.00010074965785533685,0.0625,0.0625,0.03125,0.03125,0.3636241837503043,0.17095492984259705,0.16144813504556235,0.12267324480411733,0.23821970231268072,0.0028645833333333336,nan,0.35233904943635164,0.37789268360461764,-0.07252569424009336,-0.025553634168266004,0.12743711994934548,0.1421636064367565,-0.1155588457528276,-0.014726486487411011,-0.09419061951623513,-0.135790531536131,0,0,gradient_boosting:45;logistic_l1:38;random_forest:13,crosses_zero
Kang-Schafer,"KS CC, n=200",kang_schafer_cc,ma_dr_bc,200,0.0,96,42.294433725747574,35.40203786564011,35.40203786564011,0.1629622447436051,0.024693386547680107,0.3004006839738872,0.1629622447436051,0.5520833333333334,0.5520833333333334,0.21875,0.21875,3.3246490564325604,0.867236005766773,11.80538963813622,0.29084220383144477,1.5891309805278098,0.1825520833333333,0.05000000000000001,1187.3918072083168,1075.491024100213,0.09424082466190686,111.90078310810372,322.7538047912473,305.111427656836,0.05466202682202981,17.642377134411333,0.07373140416306136,0.050516303232368075,0,0,,win
Kang-Schafer,"KS CI, n=1000",kang_schafer_ci,aipw,1000,0.0,96,5.2359938472514065,3.8308533225717505,3.8308533225717505,0.2683617600920737,0.059480545774903595,0.4192418262754622,0.2683617600920737,0.9895833333333334,0.9895833333333334,0.3854166666666667,0.3854166666666667,2.5692660171953667,0.3364033215396203,6.7142950618578325,0.26254514823766223,1.298027949226442,0.152375,0.05000000000000001,648.4687452061643,473.11101929562125,0.2704181615642747,175.35772591054302,123.65567660927003,97.58275329569585,0.21085100197995754,26.07292331357418,0.2613382415049295,0.20893463938941167,0,0,,win
Kang-Schafer,"KS CI, n=1000",kang_schafer_ci,ctmle,1000,0.0,96,2.295267660032624,1.6999245331258628,1.6999245331258628,0.25937851923478905,0.09062939791599743,0.3947053153209916,0.25937851923478905,1.0,1.0,0.3020833333333333,0.3020833333333333,0.3641678991821001,0.026737420531259156,0.13333314845136965,0.24786744774348912,0.3283585327265283,0.0,0.5,676.3226274382312,435.06364384355743,0.35672173871886026,241.25898359467374,124.9891560733138,89.16643689404519,0.2866066169632858,35.8227191792686,0.3575613238051923,0.28500751827393506,0,0,,win
Kang-Schafer,"KS CI, n=1000",kang_schafer_ci,cui_selective_ml,1000,0.0,96,1.152820377008805,1.1531628076534812,1.1531628076534812,-0.0002970372934980592,-0.0010228518996737378,1.7622168876491037e-05,-0.0002970372934980592,0.041666666666666664,0.041666666666666664,0.03125,0.03125,0.6453086351292502,1.3731851798461892,2.3020607727215867,0.10998825419981094,0.3449857154786639,0.00646875,nan,0.08396000827165007,0.08452820898034612,-0.00676751611145221,-0.0005682007086960511,0.0263170627332374,0.027200393346137653,-0.03356493928878468,-0.000883330612900253,-0.01684432206204121,-0.033455401278296486,0,0,gradient_boosting:31;logistic_l1:20;random_forest:45,crosses_zero
Kang-Schafer,"KS CI, n=1000",kang_schafer_ci,ma_dr_bc,1000,0.0,96,8.146047687976287,3.8552241637956755,3.8552241637956755,0.5267368530770995,0.43178285926717225,0.6130479187210348,0.5267368530770995,0.9895833333333334,0.9895833333333334,0.23958333333333334,0.23958333333333334,2.5692660171953667,0.3364033215396203,6.7142950618578325,0.26254514823766223,1.298027949226442,0.152375,0.05000000000000001,648.4687452061643,473.11101929562125,0.2704181615642747,175.35772591054302,123.65567660927003,97.58275329569585,0.21085100197995754,26.07292331357418,0.2613382415049295,0.20893463938941167,0,0,,win
Kang-Schafer,"KS CI, n=200",kang_schafer_ci,aipw,200,0.0,96,67.22197169076972,48.72942676385835,48.72942676385835,0.2750967349184521,0.13441959288201075,0.40123411364717054,0.2750967349184521,0.7291666666666666,0.7291666666666666,0.2708333333333333,0.2708333333333333,3.3506212586853423,0.7432799842943981,11.77912795420683,0.29785053725161387,1.6621269077126015,0.19010416666666666,0.05000000000000001,1262.632506210859,1128.6317434366654,0.10612807932240542,134.00076277419362,319.4482111109489,290.26798845703087,0.0913457068751069,29.18022265391801,0.10744172057161407,0.09060911969898965,0,0,,win
Kang-Schafer,"KS CI, n=200",kang_schafer_ci,ctmle,200,0.0,96,11.626606921969852,10.502987542627741,10.502987542627741,0.0966420716622749,0.033820527127055904,0.15651625661127036,0.0966420716622749,0.9270833333333334,0.9270833333333334,0.34375,0.34375,0.3993109979082908,0.05437096021403065,0.16240547436511069,0.26748230413830115,0.3419634102206828,0.0,0.5,1278.2112565824275,1084.5829266118228,0.15148382473826094,193.62832997060468,320.03629892829935,262.3862086757229,0.18013609845392042,57.65009025257643,0.16958067920638664,0.1801227654791877,0,0,,win
Kang-Schafer,"KS CI, n=200",kang_schafer_ci,cui_selective_ml,200,0.0,96,6.714687026739206,6.709095484821916,6.709095484821916,0.000832733066339908,-0.0011746085378726678,0.0035741409249089606,0.000832733066339908,0.0625,0.0625,0.03125,0.03125,1.153761783113335,3.888208490811745,16.44933152019341,0.14011272409880834,0.5411629651931519,0.007604166666666666,nan,0.37735046893460744,0.4023066030191335,-0.06613516118049612,-0.02495613408452607,0.12804452973295605,0.13576332825934675,-0.060282142021128804,-0.007718798526390708,-0.09742755166999767,-0.07958912172608999,0,0,gradient_boosting:55;logistic_l1:37;random_forest:4,crosses_zero
Kang-Schafer,"KS CI, n=200",kang_schafer_ci,ma_dr_bc,200,0.0,96,52.81711867081916,45.76447499321332,45.76447499321332,0.13352950435560862,-0.04459187362598513,0.2778217084887836,0.13352950435560862,0.7291666666666666,0.7291666666666666,0.3645833333333333,0.3645833333333333,3.3506212586853423,0.7432799842943981,11.77912795420683,0.29785053725161387,1.6621269077126015,0.19010416666666666,0.05000000000000001,1262.632506210859,1128.6317434366654,0.10612807932240542,134.00076277419362,319.4482111109489,290.26798845703087,0.0913457068751069,29.18022265391801,0.10744172057161407,0.09060911969898965,0,0,,crosses_zero
Kang-Schafer,"KS IC, n=1000",kang_schafer_ic,aipw,1000,0.0,96,8.088473967839082,7.069389657146561,7.069389657146561,0.12599216054159834,0.0630438727173086,0.19041960137322572,0.12599216054159834,0.5625,0.5625,0.16666666666666666,0.16666666666666666,2.5448946817813245,0.344744325752504,6.595337591497418,0.2629519128532691,1.2959388584224456,0.155375,0.05000000000000001,566.189967601691,506.0155827160382,0.1062794968631181,60.17438488565284,124.27220702631278,119.28114220352977,0.04016235763581666,4.9910648227830166,0.10385976997381348,0.040170312091203565,0,0,,win
Kang-Schafer,"KS IC, n=1000",kang_schafer_ic,ctmle,1000,0.0,96,2.490654492839187,2.135888340969322,2.135888340969322,0.14243892635042044,0.08869157670076376,0.20473446080123667,0.14243892635042044,0.8333333333333334,0.8333333333333334,0.19791666666666666,0.19791666666666666,0.36248692191217896,0.027984357133332066,0.13217989280153203,0.24903661475736918,0.3281302451702694,0.0,0.5,562.2875616276716,469.9958361402225,0.16413616765821626,92.29172548744913,123.90730126473751,112.41713796796547,0.09273193088293008,11.490163296772039,0.15901667372414932,0.0915126874916713,0,0,,win
Kang-Schafer,"KS IC, n=1000",kang_schafer_ic,cui_selective_ml,1000,0.0,96,1.9655241573241888,1.786736580124311,1.786736580124311,0.09096178061900517,-0.08661163548193296,0.25856936123791974,0.09096178061900517,1.0,1.0,0.4791666666666667,0.4791666666666667,0.23531403680563379,0.14665741164264137,0.07688109230748234,0.08165157511113848,0.17551488355495512,0.003947916666666666,nan,1548.0499420767553,773.3485482240394,0.5004369515452654,774.7013938527159,278.7101903587016,120.78161396024204,0.5666408400611567,157.92857639845954,0.5160755542241836,0.5326456704134168,0,0,gradient_boosting:20;logistic_l1:39;random_forest:37,crosses_zero
Kang-Schafer,"KS IC, n=1000",kang_schafer_ic,ma_dr_bc,1000,0.0,96,6.754258461676801,5.9108851844725825,5.9108851844725825,0.12486541372224069,0.06251193176079577,0.19094378131995318,0.12486541372224069,0.5625,0.5625,0.21875,0.21875,2.5448946817813245,0.344744325752504,6.595337591497418,0.2629519128532691,1.2959388584224456,0.155375,0.05000000000000001,566.189967601691,506.0155827160382,0.1062794968631181,60.17438488565284,124.27220702631278,119.28114220352977,0.04016235763581666,4.9910648227830166,0.10385976997381348,0.040170312091203565,0,0,,win
Kang-Schafer,"KS IC, n=200",kang_schafer_ic,aipw,200,0.0,96,95.82779207609771,71.78334839938472,71.78334839938472,0.25091305096144845,0.13078028540416828,0.35182549780848626,0.25091305096144845,0.3958333333333333,0.3958333333333333,0.08333333333333333,0.08333333333333333,3.393717463578161,1.213307708368451,12.989433817781688,0.2933191749034345,1.6080862569503032,0.18822916666666667,0.05000000000000001,1422.353148074846,1315.7888369317477,0.07492113423964586,106.5643111430984,349.5078777925091,347.5612450701122,0.005569639044166408,1.9466327223968847,0.05924065500074357,0.0037154186601224236,0,0,,win
Kang-Schafer,"KS IC, n=200",kang_schafer_ic,ctmle,200,0.0,96,16.769315199014674,16.24875672310652,16.24875672310652,0.031042321629134895,0.0008960385962703127,0.06882539494983175,0.031042321629134895,0.40625,0.40625,0.17708333333333334,0.17708333333333334,0.4011281418005515,0.0635760322480154,0.16494569802076406,0.2676033919113528,0.3437924034167845,0.0,0.5,1375.3088765894756,1304.2437186974614,0.051672143691999795,71.06515789201421,343.214566134646,332.46330458285485,0.031325190165656824,10.751261551791174,0.04763663363952717,0.029484470906363542,0,0,,win
Kang-Schafer,"KS IC, n=200",kang_schafer_ic,cui_selective_ml,200,0.0,96,13.740434567186446,11.585674092373518,11.585674092373518,0.1568189466116825,0.00022987522307396933,0.3096076170744869,0.1568189466116825,0.8125,0.8125,0.3541666666666667,0.3541666666666667,0.36870379158581207,0.16647839293820918,0.16365754124504273,0.12138282474947865,0.24758663571867046,0.004791666666666667,nan,2288.33872729888,1740.8623451777664,0.23924621630091725,547.4763821211134,464.1209224706494,305.9958991531004,0.3406978993228832,158.125023317549,0.18429582900743147,0.2593918813194208,0,0,gradient_boosting:34;logistic_l1:45;random_forest:17,win
Kang-Schafer,"KS IC, n=200",kang_schafer_ic,ma_dr_bc,200,0.0,96,55.62916728409558,56.078330782425354,56.078330782425354,-0.008074244506230288,-0.13469566587960818,0.09453395622476445,-0.008074244506230288,0.3958333333333333,0.3958333333333333,0.17708333333333334,0.17708333333333334,3.393717463578161,1.213307708368451,12.989433817781688,0.2933191749034345,1.6080862569503032,0.18822916666666667,0.05000000000000001,1422.353148074846,1315.7888369317477,0.07492113423964586,106.5643111430984,349.5078777925091,347.5612450701122,0.005569639044166408,1.9466327223968847,0.05924065500074357,0.0037154186601224236,0,0,,crosses_zero
Kang-Schafer,"KS II, n=1000",kang_schafer_ii,aipw,1000,0.0,96,4.91005200034859,4.210475951783095,4.210475951783095,0.14247833801267862,0.04916689754393806,0.22016771176747887,0.14247833801267862,0.6458333333333334,0.6458333333333334,0.3020833333333333,0.3020833333333333,2.5601322845301135,0.4109489760681459,6.723156375224836,0.2602696364476513,1.2758311908424846,0.15117708333333332,0.05000000000000001,573.9092919728728,517.7565991830664,0.09784245276248382,56.15269278980634,123.77684526237563,118.68147938730243,0.04116574359503433,5.095365875073199,0.09170024198246161,0.039853754017244274,0,0,,win
Kang-Schafer,"KS II, n=1000",kang_schafer_ii,ctmle,1000,0.0,96,2.7984143231702916,2.34268502065744,2.34268502065744,0.16285269080404108,0.11282277998247905,0.21378459887434764,0.16285269080404108,0.8645833333333334,0.8645833333333334,0.20833333333333334,0.20833333333333334,0.3649013653160887,0.02748471275978696,0.13390841584503363,0.2469420989972491,0.3273063292525842,0.0,0.5,576.8027882959002,492.24180196336675,0.1466029430654444,84.56098633253345,123.99444715654575,112.66256390165815,0.09139024782763738,11.3318832548876,0.14879558752789854,0.09042774475969834,0,0,,win
Kang-Schafer,"KS II, n=1000",kang_schafer_ii,cui_selective_ml,1000,0.0,96,2.8387877535062156,1.752943660412367,1.752943660412367,0.3825027396827084,0.2565039537649788,0.48469294305275906,0.3825027396827084,0.96875,0.96875,0.2604166666666667,0.2604166666666667,1.2146049441597377,8.159097872276154,68.04614325975858,0.10768462101509137,0.44487581413133986,0.00353125,nan,1269.0492836693236,578.9624577353793,0.543782526663291,690.0868259339443,237.4637444659431,125.27705090291964,0.4724371453643662,112.18669356302347,0.5424113635596702,0.4472045332185795,0,0,gradient_boosting:22;logistic_l1:8;random_forest:66,win
Kang-Schafer,"KS II, n=1000",kang_schafer_ii,ma_dr_bc,1000,0.0,96,6.287308564468731,5.296709120188381,5.296709120188381,0.15755540453008676,0.08785090918886103,0.22129664843103192,0.15755540453008676,0.6458333333333334,0.6458333333333334,0.21875,0.21875,2.5601322845301135,0.4109489760681459,6.723156375224836,0.2602696364476513,1.2758311908424846,0.15117708333333332,0.05000000000000001,573.9092919728728,517.7565991830664,0.09784245276248382,56.15269278980634,123.77684526237563,118.68147938730243,0.04116574359503433,5.095365875073199,0.09170024198246161,0.039853754017244274,0,0,,win
Kang-Schafer,"KS II, n=200",kang_schafer_ii,aipw,200,0.0,96,65.99825530933059,48.50270506138003,48.50270506138003,0.2650911022715642,0.0905567000877471,0.4359756665673151,0.2650911022715642,0.2916666666666667,0.2916666666666667,0.10416666666666667,0.10416666666666667,3.5434839457842133,0.8749446516317649,13.321806617449488,0.29733195536234597,1.683017006116416,0.19385416666666666,0.05000000000000001,1536.0206217557052,1470.636042991215,0.042567513637775445,65.38457876449024,353.1083361512239,354.99125507758043,-0.005332411426135719,-1.882918926356524,0.036669670249192064,-0.0026542103940200776,0,0,,win
Kang-Schafer,"KS II, n=200",kang_schafer_ii,ctmle,200,0.0,96,15.273995160841482,14.243447498508838,14.243447498508838,0.0674707338506102,0.029286278396410247,0.11276331943578966,0.0674707338506102,0.3854166666666667,0.3854166666666667,0.10416666666666667,0.10416666666666667,0.4061849636330348,0.06714469485028739,0.16949463472810802,0.26679375893608354,0.34259688949837114,0.0,0.5,1519.8879215859806,1447.6773855172942,0.04751043484399553,72.21053606868645,349.3952393023051,338.3648203129565,0.03157003229744859,11.030418989348561,0.05154207999275762,0.031698151418464444,0,0,,win
Kang-Schafer,"KS II, n=200",kang_schafer_ii,cui_selective_ml,200,0.0,96,16.55811046044288,11.187067496665327,11.187067496665327,0.3243753553045142,0.19801761771560503,0.4369777196216292,0.3243753553045142,0.8020833333333334,0.8020833333333334,0.2604166666666667,0.2604166666666667,1.6764013937001054,8.992561156964971,83.67647779455484,0.14327837773727695,0.8507799629736364,0.0071354166666666675,nan,2747.8662226492156,2051.7924878036224,0.2533142731288094,696.0737348455932,503.6198040383463,311.11386165911824,0.38224458378243276,192.50594237922803,0.2252145299345409,0.2846343660901311,0,0,gradient_boosting:57;logistic_l1:26;random_forest:13,win
Kang-Schafer,"KS II, n=200",kang_schafer_ii,ma_dr_bc,200,0.0,96,70.51520486415582,61.84318968590395,61.84318968590395,0.12298078400194812,-0.004417590420829863,0.2527034271670178,0.12298078400194812,0.2916666666666667,0.2916666666666667,0.125,0.125,3.5434839457842133,0.8749446516317649,13.321806617449488,0.29733195536234597,1.683017006116416,0.19385416666666666,0.05000000000000001,1536.0206217557052,1470.636042991215,0.042567513637775445,65.38457876449024,353.1083361512239,354.99125507758043,-0.005332411426135719,-1.882918926356524,0.036669670249192064,-0.0026542103940200776,0,0,,crosses_zero
Twins,"Twins A, strength=0",twins_semisynth,aipw,3000,0.0,96,0.003133268637873719,0.0031340218314628385,0.0031340218314628385,-0.00024038589606245608,-0.0008421729157949642,0.0,-0.00024038589606245608,0.010416666666666666,0.010416666666666666,0.010416666666666666,0.010416666666666666,1.7339477388840754,0.2482447682063765,3.0682002261230354,0.17693876677820788,0.27966385294986257,0.1679236111111111,0.05000000000000001,3.7105029971931742,3.7162341237712986,-0.001544568642704247,-0.005731126578124357,0.775814091384034,0.7766114036267666,-0.0010277104419567085,-0.0007973122427326063,-0.0016470676586475413,-0.001102762870606883,0,0,,crosses_zero
Twins,"Twins A, strength=0",twins_semisynth,ctmle,3000,0.0,96,0.0012150519937083276,0.0012150519937083276,0.0012150519937083276,0.0,0.0,0.0,0.0,0.0,0.0,0.0,0.0,0.41272080004622985,0.015848622222793814,0.17058963761716087,0.25093753492736093,0.3298786872442452,0.0,0.5,3.7113556782149058,3.7113556782149058,0.0,0.0,0.7755330406552798,0.7755330406552798,0.0,0.0,0.0,0.0,0,0,,crosses_zero
Twins,"Twins A, strength=0",twins_semisynth,cui_selective_ml,3000,0.0,96,0.0013211384058233952,0.0012933451882694228,0.0012933451882694228,0.02103732465233299,-0.10931777423200187,0.12397695996484727,0.02103732465233299,0.5104166666666666,0.5104166666666666,0.2604166666666667,0.2604166666666667,0.5426177772612121,0.5083600367804255,0.5528639791952941,0.16636733622724562,0.2915349035663661,0.008447916666666666,nan,2.104579900490523,2.223916698453031,-0.05670338195983615,-0.11933679796250818,0.5710136254033786,0.549359544305978,0.037922179321209115,0.021654081097400635,-0.05933526586081303,0.033085626300581025,0,0,gradient_boosting:14;logistic_l1:2;random_forest:80,crosses_zero
Twins,"Twins A, strength=0",twins_semisynth,ma_dr_bc,3000,0.0,96,0.014122727655190221,0.014099880864377025,0.014099880864377025,0.0016177321669726963,0.0,0.005841567314070639,0.0016177321669726963,0.010416666666666666,0.010416666666666666,0.0,0.0,1.7339477388840754,0.2482447682063765,3.0682002261230354,0.17693876677820788,0.27966385294986257,0.1679236111111111,0.05000000000000001,3.7105029971931742,3.7162341237712986,-0.001544568642704247,-0.005731126578124357,0.775814091384034,0.7766114036267666,-0.0010277104419567085,-0.0007973122427326063,-0.0016470676586475413,-0.001102762870606883,0,0,,crosses_zero
Twins,"Twins A, strength=3",twins_semisynth,aipw,3000,3.0,96,0.003388276781552851,0.0033915125095452868,0.0033915125095452868,-0.0009549774711594683,-0.0036359445620212927,0.0002301187718475705,-0.0009549774711594683,0.020833333333333332,0.020833333333333332,0.010416666666666666,0.010416666666666666,1.7516712845563267,0.25875124766568997,3.1353044973077626,0.17643435322114376,0.278201394518444,0.16921180555555557,0.05000000000000001,5.41870522264881,5.424262212576717,-0.001025519879671588,-0.005556989927907097,0.8686516411497801,0.8710839170167827,-0.0028000590245627066,-0.0024322758670025646,-0.0010487198191080419,-0.0027415176161457977,0,0,,crosses_zero
Twins,"Twins A, strength=3",twins_semisynth,ctmle,3000,3.0,96,0.009952822813752723,0.009952822813752723,0.009952822813752723,0.0,0.0,0.0,0.0,0.0,0.0,0.0,0.0,0.41235064245229297,0.01570340757543449,0.17027964934029896,0.2511229941119826,0.3302904015789862,0.0,0.5,5.3455632934420185,5.3455632934420185,0.0,0.0,0.8648889045201228,0.8648889045201228,0.0,0.0,0.0,0.0,0,0,,crosses_zero
Twins,"Twins A, strength=3",twins_semisynth,cui_selective_ml,3000,3.0,96,0.026378131123409424,0.021397679671159103,0.021397679671159103,0.18880986787689402,0.12077984217692385,0.2740937704247911,0.18880986787689402,0.625,0.625,0.010416666666666666,0.010416666666666666,2.3133523582719255,9.562527046487784,96.79352264833267,0.166881385559519,0.4789195819397234,0.01029861111111111,nan,5.427509965446396,4.942902746120144,0.08928720949596547,0.4846072193262527,0.7228058470169674,0.6827143260883992,0.05546651440912742,0.04009152092856816,0.08667778538165404,0.05514305794095664,0,0,gradient_boosting:16;logistic_l1:8;random_forest:72,win
Twins,"Twins A, strength=3",twins_semisynth,ma_dr_bc,3000,3.0,96,0.024592198128190704,0.02447748299234889,0.02447748299234889,0.004664696309123917,0.0,0.013226226807401757,0.004664696309123917,0.020833333333333332,0.020833333333333332,0.0,0.0,1.7516712845563267,0.25875124766568997,3.1353044973077626,0.17643435322114376,0.278201394518444,0.16921180555555557,0.05000000000000001,5.41870522264881,5.424262212576717,-0.001025519879671588,-0.005556989927907097,0.8686516411497801,0.8710839170167827,-0.0028000590245627066,-0.0024322758670025646,-0.0010487198191080419,-0.0027415176161457977,0,0,,crosses_zero
Twins,"Twins B, strength=0",twins_misaligned,aipw,3000,0.0,96,0.004458480398608706,0.004406594606931249,0.004406594606931249,0.011637550698585186,-0.0029919564536661615,0.03673055252975485,0.011637550698585186,0.03125,0.03125,0.010416666666666666,0.010416666666666666,1.7917371791719214,0.25863892771191166,3.2772162141549224,0.17728058285883172,0.2824068776802747,0.16803472222222224,0.05000000000000001,3.7018763266253027,3.7241296126876064,-0.006011353189259605,-0.0222532860623037,0.7752078556450447,0.77946470999582,-0.005491242535504481,-0.004256854350775274,-0.005965438196219655,-0.0054108780795962125,0,0,,crosses_zero
Twins,"Twins B, strength=0",twins_misaligned,ctmle,3000,0.0,96,0.001806231762733232,0.001806231762733232,0.001806231762733232,0.0,0.0,0.0,0.0,0.0,0.0,0.0,0.0,0.4158404619746214,0.014658053347432472,0.1731381483432027,0.25135992590768924,0.3309875832707541,0.0,0.5,3.711175561202903,3.711175561202903,0.0,0.0,0.7754838766344077,0.7754838766344077,0.0,0.0,0.0,0.0,0,0,,crosses_zero
Twins,"Twins B, strength=0",twins_misaligned,cui_selective_ml,3000,0.0,96,0.0020080190809109917,0.0019597000803546092,0.0019597000803546092,0.02406301863150684,-0.13873539204510854,0.15354356227624025,0.02406301863150684,0.5208333333333334,0.5208333333333334,0.2916666666666667,0.2916666666666667,0.5197459100933989,0.38213557119745883,0.41616340583322353,0.16391440943377267,0.2764791418107216,0.009729166666666667,nan,2.0783123129273604,2.230728581772142,-0.07333655673246686,-0.15241626884478165,0.566004233795535,0.5504126312562446,0.027546794897161053,0.015591602539290372,-0.07632379993879164,0.025970739504246203,0,0,gradient_boosting:17;logistic_l1:1;random_forest:78,crosses_zero
Twins,"Twins B, strength=0",twins_misaligned,ma_dr_bc,3000,0.0,96,0.01909365437082796,0.019080749237208313,0.019080749237208313,0.0006758859969395736,-0.0013791162896448993,0.0036674386436625723,0.0006758859969395736,0.03125,0.03125,0.010416666666666666,0.010416666666666666,1.7917371791719214,0.25863892771191166,3.2772162141549224,0.17728058285883172,0.2824068776802747,0.16803472222222224,0.05000000000000001,3.7018763266253027,3.7241296126876064,-0.006011353189259605,-0.0222532860623037,0.7752078556450447,0.77946470999582,-0.005491242535504481,-0.004256854350775274,-0.005965438196219655,-0.0054108780795962125,0,0,,crosses_zero
Twins,"Twins B, strength=3",twins_misaligned,aipw,3000,3.0,96,0.00358987259699936,0.003587484846149872,0.003587484846149872,0.0006651352617593753,-0.0029174440937866364,0.004439584064518806,0.0006651352617593753,0.03125,0.03125,0.010416666666666666,0.010416666666666666,1.7031833480980765,0.2696297670292519,2.9735337285068226,0.1760971339055957,0.2759525171405243,0.16993055555555556,0.05000000000000001,3.7919285966796146,3.814329917396561,-0.005907632526773288,-0.022401320716946227,0.8088695329778388,0.8132397158229775,-0.005402827856613612,-0.0043701828451386815,-0.006063115344125613,-0.005138553061857422,0,0,,crosses_zero
Twins,"Twins B, strength=3",twins_misaligned,ctmle,3000,3.0,96,0.001488578823805535,0.001488578823805535,0.001488578823805535,0.0,0.0,0.0,0.0,0.0,0.0,0.0,0.0,0.4130214544649886,0.014320226598842184,0.17079179073821682,0.25104498147916626,0.3302446589607006,0.0,0.5,3.8021746640690623,3.8021746640690623,0.0,0.0,0.8091921926324601,0.8091921926324601,0.0,0.0,0.0,0.0,0,0,,crosses_zero
Twins,"Twins B, strength=3",twins_misaligned,cui_selective_ml,3000,3.0,96,0.001203661856090222,0.0011570320422879495,0.0011570320422879495,0.03873996136567548,-0.07797777836385478,0.15026334588747406,0.03873996136567548,0.6145833333333334,0.6145833333333334,0.3333333333333333,0.3333333333333333,0.5093629264478045,0.5699953716411074,0.5843453145317555,0.16366681826791665,0.27434248522567756,0.01001388888888889,nan,2.392706102666456,2.467679007122777,-0.03133393790937,-0.07497290445632121,0.6312505496031182,0.599992813801845,0.04951716211720636,0.03125773580127322,-0.03563599861117527,0.048612919664973775,0,0,gradient_boosting:17;logistic_l1:2;random_forest:77,crosses_zero
Twins,"Twins B, strength=3",twins_misaligned,ma_dr_bc,3000,3.0,96,0.018267208900048747,0.018343719900957154,0.018343719900957154,-0.004188434113117534,-0.016559751334778237,0.002052513042513051,-0.004188434113117534,0.03125,0.03125,0.020833333333333332,0.020833333333333332,1.7031833480980765,0.2696297670292519,2.9735337285068226,0.1760971339055957,0.2759525171405243,0.16993055555555556,0.05000000000000001,3.7919285966796146,3.814329917396561,-0.005907632526773288,-0.022401320716946227,0.8088695329778388,0.8132397158229775,-0.005402827856613612,-0.0043701828451386815,-0.006063115344125613,-0.005138553061857422,0,0,,crosses_zero
