group,design,method,n,strength,reps,reference_mse,no_shrinkage_mse,c2_shrinkage_mse,no_shrinkage_gain,no_shrinkage_gain_ci_low,no_shrinkage_gain_ci_high,c2_shrinkage_gain,c2_shrinkage_gain_ci_low,c2_shrinkage_gain_ci_high,c2_minus_no_shrinkage_gain,c2_minus_no_shrinkage_gain_ci_low,c2_minus_no_shrinkage_gain_ci_high,path_activation,final_activation,no_shrinkage_harm,c2_shrinkage_harm,mean_shrink_weight
alignment,alignment_aligned,aipw,3000,0,96,0.00472961614261,0.00472961614261,0.00472961614261,0,0,0,0,0,0,0,0,0,0,0,0,0,0
alignment,alignment_aligned,aipw,3000,3,96,0.0101918826553,0.0101918826553,0.0101918826553,0,0,0,0,0,0,0,0,0,0,0,0,0,0
alignment,alignment_aligned,aipw,3000,5,96,0.01423142636,0.0141699052005,0.0142323373619,0.0043229088879,-0.00584387229281,0.0202137776378,-6.40133958376e-05,-0.000226302487601,0,-0.00438692228374,-0.020254221971,0.0057295538631,0.0625,0.0104166666667,0.0416666666667,0.0104166666667,0.00140798245165
alignment,alignment_aligned,aipw,3000,8,96,0.0253412499909,0.0249094193312,0.0252779676462,0.0170406219037,-0.000233670893539,0.0470491364356,0.00249720691631,0,0.00876333201207,-0.0145434149874,-0.0428531998606,0.000233670893539,0.0416666666667,0.0104166666667,0.0104166666667,0,0.00407970663661
alignment,alignment_aligned,ctmle,3000,0,96,0.00136539463519,0.00136539463519,0.00136539463519,0,0,0,0,0,0,0,0,0,0,0,0,0,0
alignment,alignment_aligned,ctmle,3000,3,96,0.014803389877,0.014803389877,0.014803389877,0,0,0,0,0,0,0,0,0,0,0,0,0,0
alignment,alignment_aligned,ctmle,3000,5,96,0.036016063181,0.036016063181,0.036016063181,0,0,0,0,0,0,0,0,0,0,0,0,0,0
alignment,alignment_aligned,ctmle,3000,8,96,0.0864636877231,0.0864636877231,0.0864636877231,0,0,0,0,0,0,0,0,0,0,0,0,0,0
alignment,alignment_aligned,cui_selective_ml,3000,0,96,0.00118424426316,0.00118396015664,0.00118424426316,0.000239905339198,-0.00166587407433,0.00251253578701,0,0,0,-0.000239905339198,-0.00251253578701,0.00166587407433,0.0208333333333,0,0.0104166666667,0,0
alignment,alignment_aligned,cui_selective_ml,3000,3,96,0.0103163955641,0.0102565477946,0.0102885634509,0.00580122865364,-0.0107489367177,0.0226266429381,0.00269785246409,-0.00047247945569,0.00839536657833,-0.00310337618955,-0.0171498494721,0.0121758747226,0.302083333333,0.0416666666667,0.114583333333,0.0104166666667,0.019180922586
alignment,alignment_aligned,cui_selective_ml,3000,5,96,0.0251071778274,0.0245206413985,0.0249390678158,0.023361304602,0.00012615390221,0.0485534508698,0.00669569526296,0,0.0185611135883,-0.0166656093391,-0.0390829116841,0.0041551817588,0.34375,0.03125,0.104166666667,0,0.0185116273525
alignment,alignment_aligned,cui_selective_ml,3000,8,96,0.0601233155799,0.0593977216977,0.059068960095,0.0120684276173,-0.0344074996833,0.0503271405121,0.017536549252,0.00533070469198,0.0330145846518,0.00546812163469,-0.024561014484,0.048498419601,0.354166666667,0.0833333333333,0.09375,0,0.0440392057538
alignment,alignment_aligned,ma_dr_bc,3000,0,96,0.00557335202013,0.00557335202013,0.00557335202013,0,0,0,0,0,0,0,0,0,0,0,0,0,0
alignment,alignment_aligned,ma_dr_bc,3000,3,96,0.0282652565744,0.0282652565744,0.0282652565744,0,0,0,0,0,0,0,0,0,0,0,0,0,0
alignment,alignment_aligned,ma_dr_bc,3000,5,96,0.0698216810719,0.0698216810719,0.0698216810719,0,0,0,0,0,0,0,0,0,0,0,0,0,0
alignment,alignment_aligned,ma_dr_bc,3000,8,96,0.160477916112,0.160477916112,0.160477916112,0,0,0,0,0,0,0,0,0,0,0,0,0,0
alignment,alignment_aligned,tmle,3000,0,96,0.00151548698672,0.00151548698672,0.00151548698672,0,0,0,0,0,0,0,0,0,0,0,0,0,0
alignment,alignment_aligned,tmle,3000,3,96,0.0103650238966,0.0103650238966,0.0103650238966,0,0,0,0,0,0,0,0,0,0,0,0,0,0
alignment,alignment_aligned,tmle,3000,5,96,0.0234266588557,0.0233624793916,0.0234266588557,0.00273959101454,-0.00236039082953,0.00858642187985,0,0,0,-0.00273959101454,-0.00858642187985,0.00236039082953,0.0520833333333,0,0.0104166666667,0,0
alignment,alignment_aligned,tmle,3000,8,96,0.0531422489831,0.0531696039302,0.0531422489831,-0.0005147495187,-0.0121631015643,0.0106409842783,0,0,0,0.0005147495187,-0.0106409842783,0.0121631015643,0.0625,0,0.0416666666667,0,0
alignment,alignment_disjoint,aipw,3000,3,96,0.0193723595275,0.0193806980765,0.0193723595275,-0.000430435382022,-0.00150698695598,0,0,0,0,0.000430435382022,0,0.00150698695598,0.0104166666667,0,0.0104166666667,0,0
alignment,alignment_disjoint,aipw,3000,5,96,0.0266046694948,0.0265628063134,0.0266046694948,0.00157352758842,0,0.0054729010508,0,0,0,-0.00157352758842,-0.0054729010508,0,0.0104166666667,0,0,0,0
alignment,alignment_disjoint,aipw,3000,8,96,0.062053360009,0.062053360009,0.062053360009,0,0,0,0,0,0,0,0,0,0,0,0,0,0
alignment,alignment_disjoint,ctmle,3000,3,96,0.00254504010734,0.00254504010734,0.00254504010734,0,0,0,0,0,0,0,0,0,0,0,0,0,0
alignment,alignment_disjoint,ctmle,3000,5,96,0.00481589531256,0.00481589531256,0.00481589531256,0,0,0,0,0,0,0,0,0,0,0,0,0,0
alignment,alignment_disjoint,ctmle,3000,8,96,0.0114174760492,0.0114174760492,0.0114174760492,0,0,0,0,0,0,0,0,0,0,0,0,0,0
alignment,alignment_disjoint,cui_selective_ml,3000,3,96,0.00217243932617,0.00216448274742,0.00217243932617,0.00366250907526,0,0.012530419841,0,0,0,-0.00366250907526,-0.012530419841,0,0.0208333333333,0,0,0,0
alignment,alignment_disjoint,cui_selective_ml,3000,5,96,0.00438571298702,0.00437258912127,0.00437534152576,0.00299241327068,-0.0308689583273,0.0387653260189,0.00236482899939,-0.0180803120697,0.02887225187,-0.000627584271289,-0.0164096769722,0.0156857558412,0.125,0.03125,0.0729166666667,0.0208333333333,0.022680448205
alignment,alignment_disjoint,cui_selective_ml,3000,8,96,0.00815822466749,0.00806266710443,0.00802741769451,0.0117130340179,-0.0435552335473,0.0668077444019,0.0160337546845,-0.0162235720333,0.0613955623968,0.00432072066656,-0.0194339961731,0.0334638043168,0.135416666667,0.03125,0.0625,0.0104166666667,0.020319719052
alignment,alignment_disjoint,ma_dr_bc,3000,3,96,0.0222330468673,0.0221835031841,0.0222330468673,0.00222838027763,0,0.00717920485998,0,0,0,-0.00222838027763,-0.00717920485998,0,0.0104166666667,0,0,0,0
alignment,alignment_disjoint,ma_dr_bc,3000,5,96,0.0531218828393,0.0529568745988,0.0531218828393,0.00310621972854,0,0.00991175258456,0,0,0,-0.00310621972854,-0.00991175258456,0,0.0104166666667,0,0,0,0
alignment,alignment_disjoint,ma_dr_bc,3000,8,96,0.122886030678,0.122886030678,0.122886030678,0,0,0,0,0,0,0,0,0,0,0,0,0,0
alignment,alignment_disjoint,tmle,3000,3,96,0.00465980372027,0.00465987553687,0.00465980372027,-1.54119364502e-05,-5.27631737354e-05,0,0,0,0,1.54119364502e-05,0,5.27631737354e-05,0.0104166666667,0,0.0104166666667,0,0
alignment,alignment_disjoint,tmle,3000,5,96,0.00768946462713,0.00768946462713,0.00768946462713,0,0,0,0,0,0,0,0,0,0,0,0,0,0
alignment,alignment_disjoint,tmle,3000,8,96,0.0199371889334,0.0199065279691,0.0199434576045,0.00153787800306,-0.00361251787796,0.00890401442837,-0.000314421010478,-0.00112194382335,0,-0.00185229901354,-0.00904206262589,0.00271085768631,0.0208333333333,0.0104166666667,0.0104166666667,0.0104166666667,0.00752873788221
alignment,alignment_partial,aipw,3000,3,96,0.0163822190776,0.0164115621063,0.0163822190776,-0.00179115103738,-0.01053996818,0.00450288994291,0,0,0,0.00179115103738,-0.00450288994291,0.01053996818,0.0416666666667,0,0.0208333333333,0,0
alignment,alignment_partial,aipw,3000,5,96,0.0255389790561,0.025149859144,0.0253467220097,0.015236314309,-0.00324029056092,0.04389721494,0.00752798480757,0,0.0246254708038,-0.00770832950144,-0.0236147022751,0.00327060471008,0.03125,0.0104166666667,0.0104166666667,0,0.00660614588906
alignment,alignment_partial,aipw,3000,8,96,0.0631177978434,0.0625420327905,0.0630258803746,0.00912207131066,0,0.0311945049605,0.00145628447116,0,0.0050546748286,-0.00766578683949,-0.0261357828479,0,0.0208333333333,0.0104166666667,0,0,0.00150712207856
alignment,alignment_partial,ctmle,3000,3,96,0.00393216246828,0.00393216246828,0.00393216246828,0,0,0,0,0,0,0,0,0,0,0,0,0,0
alignment,alignment_partial,ctmle,3000,5,96,0.0082468049806,0.0082468049806,0.0082468049806,0,0,0,0,0,0,0,0,0,0,0,0,0,0
alignment,alignment_partial,ctmle,3000,8,96,0.0232563864935,0.0232563864935,0.0232563864935,0,0,0,0,0,0,0,0,0,0,0,0,0,0
alignment,alignment_partial,cui_selective_ml,3000,3,96,0.00385078860132,0.00381660379141,0.00383449282283,0.00887735304351,-0.0153092123046,0.0356609727354,0.00423180293346,0,0.014877364286,-0.00464555011005,-0.026662704049,0.0171575928038,0.09375,0.0104166666667,0.0520833333333,0,0.00471088462098
alignment,alignment_partial,cui_selective_ml,3000,5,96,0.00687559590879,0.00681343433949,0.00684168794661,0.00904089916329,-0.00523710543068,0.0290165476015,0.00493163976232,0,0.0162753659803,-0.00410925940097,-0.0172776213085,0.00569530701244,0.0729166666667,0.0104166666667,0.0416666666667,0,0.00708159814994
alignment,alignment_partial,cui_selective_ml,3000,8,96,0.0235497530645,0.0218665589038,0.023409137406,0.0714739622145,0.0236454149487,0.119133096538,0.00597100352453,-0.0010751824769,0.0163312556233,-0.0655029586899,-0.109207212701,-0.0219707671955,0.177083333333,0.0520833333333,0.0520833333333,0.0104166666667,0.0156422278275
alignment,alignment_partial,ma_dr_bc,3000,3,96,0.0108276649413,0.0108276649413,0.0108276649413,0,0,0,0,0,0,0,0,0,0,0,0,0,0
alignment,alignment_partial,ma_dr_bc,3000,5,96,0.0164310554521,0.0163445256196,0.0163620909504,0.00526623702032,0,0.0181942036969,0.00419720461299,0,0.0145008277052,-0.00106903240733,-0.00369337599173,0,0.0104166666667,0.0104166666667,0,0,0.00801747534859
alignment,alignment_partial,ma_dr_bc,3000,8,96,0.0434688191802,0.0434688191802,0.0434688191802,0,0,0,0,0,0,0,0,0,0,0,0,0,0
alignment,alignment_partial,tmle,3000,3,96,0.00292964901051,0.00297218166349,0.00293897823396,-0.0145180029508,-0.0404824182021,0,-0.0031844167742,-0.0114468377777,0,0.0113335861766,0,0.0309115732021,0.0208333333333,0.0104166666667,0.0208333333333,0.0104166666667,0.00464601827666
alignment,alignment_partial,tmle,3000,5,96,0.00529026609613,0.00528834097641,0.00529026609613,0.000363898467863,-0.00320577282439,0.00424127847636,0,0,0,-0.000363898467863,-0.00424127847636,0.00320577282439,0.03125,0,0.0104166666667,0,0
alignment,alignment_partial,tmle,3000,8,96,0.0124650058561,0.0122560704305,0.0124565551917,0.0167617591238,0,0.0457634406754,0.000677951096673,0,0.00229242007281,-0.0160838080271,-0.0436620391415,0,0.0208333333333,0.0104166666667,0,0,0.000587122238845
anchor,regional_shift,aipw,3000,0,96,0.0046165728902,0.0046165728902,0.0046165728902,0,0,0,0,0,0,0,0,0,0,0,0,0,0
anchor,regional_shift,aipw,3000,3,96,0.00835638759121,0.00836802328359,0.00835638759121,-0.00139243091041,-0.00538039526947,0.000602189334335,0,0,0,0.00139243091041,-0.000602189334335,0.00538039526947,0.0208333333333,0,0.0104166666667,0,0
anchor,regional_shift,aipw,3000,5,96,0.0160093899268,0.0154786434729,0.0156761278293,0.0331521973289,0,0.09010286595,0.0208166644083,0,0.0564342902912,-0.0123355329206,-0.0337691305099,0,0.03125,0.03125,0,0,0.0132638887763
anchor,regional_shift,aipw,3000,8,96,0.0277308814721,0.0277193751836,0.0277308814721,0.000414926892792,-0.00889951663207,0.0100537334068,0,0,0,-0.000414926892792,-0.0100537334068,0.00889951663207,0.0520833333333,0,0.03125,0,0
anchor,regional_shift,ctmle,3000,0,96,0.0012531197141,0.0012531197141,0.0012531197141,0,0,0,0,0,0,0,0,0,0,0,0,0,0
anchor,regional_shift,ctmle,3000,3,96,0.0141424753847,0.0141424753847,0.0141424753847,0,0,0,0,0,0,0,0,0,0,0,0,0,0
anchor,regional_shift,ctmle,3000,5,96,0.0347604683142,0.0347604683142,0.0347604683142,0,0,0,0,0,0,0,0,0,0,0,0,0,0
anchor,regional_shift,ctmle,3000,8,96,0.0825343124743,0.0825343124743,0.0825343124743,0,0,0,0,0,0,0,0,0,0,0,0,0,0
anchor,regional_shift,cui_selective_ml,3000,0,96,0.00117699743987,0.0011741365091,0.00117508991795,0.00243070262361,-0.00108911127755,0.00973072206133,0.00162066785901,0,0.00581081715533,-0.000810034764604,-0.00397091300267,0.00109282311322,0.0208333333333,0.0104166666667,0.0104166666667,0,0.00565600310358
anchor,regional_shift,cui_selective_ml,3000,3,96,0.00983468623088,0.00995882421513,0.00978882500972,-0.0126224651533,-0.0377254706159,0.0101056804296,0.00466321142246,0,0.0118292651097,0.0172856765757,-0.00274239988903,0.0411351796656,0.25,0.03125,0.125,0,0.017499405986
anchor,regional_shift,cui_selective_ml,3000,5,96,0.0238067151269,0.0226849291993,0.0236109233756,0.0471205675234,0.0243204961391,0.0737348108045,0.00822422372261,0.00159752249251,0.0188681845564,-0.0388963438008,-0.0625867544815,-0.0187301201227,0.427083333333,0.0729166666667,0.104166666667,0,0.0265979630251
anchor,regional_shift,cui_selective_ml,3000,8,96,0.0606016617225,0.0573174617137,0.0597504924569,0.0541932335749,0.0293906319811,0.0811398842127,0.014045312313,0.00411397860977,0.0261793614668,-0.0401479212619,-0.0618797762667,-0.0202378111377,0.375,0.0833333333333,0.0729166666667,0,0.0370002579467
anchor,regional_shift,ma_dr_bc,3000,0,96,0.0050685768456,0.0050685768456,0.0050685768456,0,0,0,0,0,0,0,0,0,0,0,0,0,0
anchor,regional_shift,ma_dr_bc,3000,3,96,0.0242450778637,0.0242948208392,0.0242450778637,-0.00205167316098,-0.00686220573037,0,0,0,0,0.00205167316098,0,0.00686220573037,0.0104166666667,0,0.0104166666667,0,0
anchor,regional_shift,ma_dr_bc,3000,5,96,0.0593807189565,0.0593868361354,0.0593807189565,-0.000103016248867,-0.000334568934314,0,0,0,0,0.000103016248867,0,0.000334568934314,0.0104166666667,0,0.0104166666667,0,0
anchor,regional_shift,ma_dr_bc,3000,8,96,0.13902555273,0.13902555273,0.13902555273,0,0,0,0,0,0,0,0,0,0,0,0,0,0
anchor,regional_shift,tmle,3000,0,96,0.0017218652021,0.0017218652021,0.0017218652021,0,0,0,0,0,0,0,0,0,0,0,0,0,0
anchor,regional_shift,tmle,3000,3,96,0.00959133145811,0.00959133145811,0.00959133145811,0,0,0,0,0,0,0,0,0,0,0,0,0,0
anchor,regional_shift,tmle,3000,5,96,0.0239888646135,0.0238967548936,0.0238651099629,0.00383968651175,-0.0104965874702,0.0222573283458,0.0051588373412,0,0.0163803530063,0.00131915082946,-0.00657318887381,0.0111103844766,0.0208333333333,0.0104166666667,0.0104166666667,0,0.0069370027186
anchor,regional_shift,tmle,3000,8,96,0.0534139023596,0.053416117019,0.0534139023596,-4.14622280132e-05,-0.000137327767575,0,0,0,0,4.14622280132e-05,0,0.000137327767575,0.0104166666667,0,0.0104166666667,0,0
kang_schafer,kang_schafer_cc,aipw,200,0,96,63.3695612342,48.1215589085,53.6250226238,0.240620291963,0.0738263554079,0.386937270367,0.153773174701,0.0518920793849,0.26209365788,-0.0868471172617,-0.189839328443,0.026469557935,0.583333333333,0.135416666667,0.25,0.0104166666667,0.0570502596345
kang_schafer,kang_schafer_cc,aipw,1000,0,96,4.64312869565,3.11773794146,3.7743392649,0.328526485948,0.143965078617,0.472054793124,0.187112933476,0.0905056469278,0.286689506131,-0.141413552472,-0.257645177236,0.0102450543438,1,0.197916666667,0.395833333333,0.0104166666667,0.0784363978456
kang_schafer,kang_schafer_cc,ctmle,200,0,96,11.7799327768,11.8823747768,11.8271062219,-0.00869631448124,-0.0241314531839,0.00125331534083,-0.0040045597926,-0.0143617017758,0.000282928827977,0.00469175468865,-0.00130866398312,0.0146977562447,0.0729166666667,0.0208333333333,0.0416666666667,0.0104166666667,0.011145198431
kang_schafer,kang_schafer_cc,ctmle,1000,0,96,2.24916715625,2.24916715625,2.24916715625,0,0,0,0,0,0,0,0,0,0,0,0,0,0
kang_schafer,kang_schafer_cc,cui_selective_ml,200,0,96,7.02434092717,7.04576036052,7.03964520304,-0.0030493157394,-0.00903583155752,0.00160404283614,-0.00217874901422,-0.00574456899309,0.000225950236511,0.00087056672518,-0.00156948977266,0.00386573487379,0.09375,0.0416666666667,0.0520833333333,0.03125,0.0216389808707
kang_schafer,kang_schafer_cc,cui_selective_ml,1000,0,96,1.47422986674,1.47764380564,1.47555566537,-0.00231574395257,-0.00696375610728,0.00168838069957,-0.000899316085126,-0.00292609648817,0.000331203455105,0.00141642786744,-0.00188031594149,0.00513737694551,0.177083333333,0.0520833333333,0.0833333333333,0.03125,0.0210460726931
kang_schafer,kang_schafer_cc,ma_dr_bc,200,0,96,42.2944337257,37.5859021849,38.1520271544,0.11132745201,-0.000949847503689,0.224854751039,0.097942121609,0.0158696943962,0.1886779583,-0.0133853304006,-0.0579415448871,0.0363548451531,0.520833333333,0.25,0.1875,0.09375,0.159605337959
kang_schafer,kang_schafer_cc,ma_dr_bc,1000,0,96,9.18912498442,6.34712180479,6.89630572743,0.309278977536,0.225093228388,0.389922483599,0.249514427204,0.170603855798,0.326215606892,-0.0597645503325,-0.0930504090394,-0.0310556963845,0.864583333333,0.59375,0.239583333333,0.0833333333333,0.425996558679
kang_schafer,kang_schafer_cc,tmle,200,0,96,10.0278410352,16.5118408633,10.4883791648,-0.646599782092,-1.08326688371,-0.328032502081,-0.0459259503641,-0.106247762621,-0.0057086732314,0.600673831728,0.307874619325,1.010696032,0.53125,0.09375,0.385416666667,0.0729166666667,0.0319190867198
kang_schafer,kang_schafer_cc,tmle,1000,0,96,1.53562847314,2.30294485549,1.48070597721,-0.499675797737,-0.943635738784,-0.165807100517,0.0357654842269,-0.0290548851206,0.116790916429,0.535441281964,0.216418714379,0.961533937346,0.96875,0.09375,0.572916666667,0.0416666666667,0.0356416522477
kang_schafer,kang_schafer_ci,aipw,200,0,96,67.2219716908,48.8726322838,60.4627312602,0.27296639693,0.132899428684,0.400278082862,0.100551058836,0.0276470526845,0.194937960671,-0.172415338095,-0.271184342015,-0.064619826578,0.75,0.1875,0.28125,0.0104166666667,0.0699691583713
kang_schafer,kang_schafer_ci,aipw,1000,0,96,5.23599384725,3.85124753566,4.63156391605,0.264466756836,0.0315845855468,0.426417759588,0.11543747927,-0.0223889186702,0.23064906921,-0.149029277566,-0.263193998781,0.0055525077207,0.989583333333,0.239583333333,0.40625,0.0520833333333,0.117796790223
kang_schafer,kang_schafer_ci,ctmle,200,0,96,11.626606922,11.6284316957,11.626606922,-0.000156948084432,-0.00281229497814,0.00267261352921,0,0,0,0.000156948084432,-0.00267261352921,0.00281229497814,0.03125,0,0.0208333333333,0,0
kang_schafer,kang_schafer_ci,ctmle,1000,0,96,2.29526766003,2.29526766003,2.29526766003,0,0,0,0,0,0,0,0,0,0,0,0,0,0
kang_schafer,kang_schafer_ci,cui_selective_ml,200,0,96,6.71468702674,6.69144446094,6.70925593922,0.00346145184487,0.000525211718916,0.00724484870657,0.000808837031037,-6.80064192232e-06,0.00268185248113,-0.00265261481383,-0.00557022323432,-0.000316571685593,0.135416666667,0.03125,0.0416666666667,0.0104166666667,0.0098096522256
kang_schafer,kang_schafer_ci,cui_selective_ml,1000,0,96,1.15282037701,1.15238246174,1.15282037701,0.00037986426913,-0.00181941647128,0.00260688594487,0,0,0,-0.00037986426913,-0.00260688594487,0.00181941647128,0.09375,0,0.0416666666667,0,0
kang_schafer,kang_schafer_ci,ma_dr_bc,200,0,96,52.8171186708,39.6317849031,43.0503016555,0.249641292436,0.0932376946015,0.404759630464,0.184917641498,0.0553771292955,0.336659962363,-0.0647236509379,-0.117018733935,-0.0126939508132,0.53125,0.208333333333,0.21875,0.0416666666667,0.125358032243
kang_schafer,kang_schafer_ci,ma_dr_bc,1000,0,96,8.14604768798,4.74117535081,5.26367649003,0.417978443975,0.335995061656,0.500509545665,0.35383676948,0.274810291367,0.435570007868,-0.0641416744947,-0.0975481068402,-0.0340298413255,0.895833333333,0.583333333333,0.208333333333,0.09375,0.430258114849
kang_schafer,kang_schafer_ci,tmle,200,0,96,11.2091367859,15.1318572873,10.9017353003,-0.349957412087,-0.80223177529,-0.012074509832,0.027424188992,-0.0304787534912,0.0864042362327,0.377381601079,0.0682417519516,0.797272839799,0.6875,0.135416666667,0.416666666667,0.0625,0.0367486682327
kang_schafer,kang_schafer_ci,tmle,1000,0,96,1.55582446902,2.57315111206,1.74912195228,-0.653882660484,-1.18825976734,-0.24738534428,-0.124241189876,-0.34654940258,0.0442058477867,0.529641470608,0.221604899748,0.921161799212,0.989583333333,0.1875,0.604166666667,0.125,0.0895394284776
kang_schafer,kang_schafer_ic,aipw,200,0,96,95.8277920761,71.6584574679,84.1380036264,0.25221633604,0.135708129144,0.353830930157,0.12198745475,0.0525760573463,0.188719466454,-0.13022888129,-0.190306585039,-0.0659063739031,0.395833333333,0.15625,0.09375,0.0104166666667,0.0601433371811
kang_schafer,kang_schafer_ic,aipw,1000,0,96,8.08847396784,6.99877837863,7.89898254189,0.134722024642,0.068779633894,0.203774625638,0.0234273395333,0.00576427931037,0.0473673210718,-0.111294685108,-0.170118456274,-0.0534398225427,0.614583333333,0.135416666667,0.21875,0.0208333333333,0.0454288922029
kang_schafer,kang_schafer_ic,ctmle,200,0,96,16.769315199,16.4708198325,16.5095049843,0.0178000927841,-1.72294471394e-05,0.0514705242614,0.0154931916798,0,0.0447860033951,-0.00230690110422,-0.00667888224612,1.72294471394e-05,0.0208333333333,0.0104166666667,0.0104166666667,0,0.00900155987109
kang_schafer,kang_schafer_ic,ctmle,1000,0,96,2.49065449284,2.49065449284,2.49065449284,0,0,0,0,0,0,0,0,0,0,0,0,0,0
kang_schafer,kang_schafer_ic,cui_selective_ml,200,0,96,13.7404345672,11.4061206844,12.3950753313,0.169886466939,0.0205397942649,0.317824683875,0.0979124225874,0.00962043436476,0.193266241874,-0.0719740443519,-0.15118274132,0.0132217753016,0.770833333333,0.125,0.3125,0.0416666666667,0.0618640887299
kang_schafer,kang_schafer_ic,cui_selective_ml,1000,0,96,1.96552415732,1.75441121058,1.92399417923,0.107407963397,-0.0461851929635,0.244488163841,0.0211292127569,-0.0269040357392,0.0708107658598,-0.0862787506397,-0.200033542662,0.0374999724018,1,0.177083333333,0.4375,0.0416666666667,0.0688013215425
kang_schafer,kang_schafer_ic,ma_dr_bc,200,0,96,55.6291672841,54.527318528,55.1069467651,0.0198070330704,-0.117371562149,0.123591616907,0.00938753075862,-0.0737907602514,0.0651536272347,-0.0104195023118,-0.0662883315291,0.0549792445448,0.28125,0.145833333333,0.145833333333,0.0625,0.0769599335709
kang_schafer,kang_schafer_ic,ma_dr_bc,1000,0,96,6.75425846168,6.27031699142,6.4509306504,0.0716498299554,0.0187957383745,0.126490315168,0.044909121112,0.00758283906472,0.0952493605683,-0.0267407088434,-0.0528132602705,0.00305117421268,0.427083333333,0.208333333333,0.1875,0.0520833333333,0.117059779884
kang_schafer,kang_schafer_ic,tmle,200,0,96,14.6787933671,15.9553555462,14.8336177432,-0.0869664247719,-0.300655496138,0.0609425163659,-0.0105474865877,-0.0525299618746,0.0122650264529,0.0764189381842,-0.0585317844405,0.262242741152,0.3125,0.0520833333333,0.166666666667,0.0208333333333,0.0118961068284
kang_schafer,kang_schafer_ic,tmle,1000,0,96,1.8006469489,1.95656975945,1.84069076,-0.0865926608466,-0.311018507495,0.0699730663398,-0.0222385688232,-0.123590392634,0.0395885009968,0.0643540920234,-0.0535064337477,0.210024224575,0.520833333333,0.104166666667,0.260416666667,0.03125,0.0414310847447
kang_schafer,kang_schafer_ii,aipw,200,0,96,65.9982553093,48.735516469,59.2974203939,0.261563563452,0.0838645156305,0.431668642784,0.101530485677,-0.000617819396003,0.230215611657,-0.160033077775,-0.228774190944,-0.073251547791,0.322916666667,0.0833333333333,0.114583333333,0.0208333333333,0.0167896696154
kang_schafer,kang_schafer_ii,aipw,1000,0,96,4.91005200035,4.10255024701,4.44166166076,0.164458900493,0.0537308391496,0.260831973397,0.0953941708884,0.0316140566145,0.172686102766,-0.0690647296048,-0.123968256627,0.00219545214687,0.666666666667,0.125,0.322916666667,0.0104166666667,0.0578140200609
kang_schafer,kang_schafer_ii,ctmle,200,0,96,15.2739951608,15.2739951608,15.2739951608,0,0,0,0,0,0,0,0,0,0,0,0,0,0
kang_schafer,kang_schafer_ii,ctmle,1000,0,96,2.79841432317,2.79841432317,2.79841432317,0,0,0,0,0,0,0,0,0,0,0,0,0,0
kang_schafer,kang_schafer_ii,cui_selective_ml,200,0,96,16.5581104604,11.5897728121,14.6731036812,0.300054626418,0.164876856472,0.414112483749,0.113841901448,0.0314695527201,0.202316841711,-0.186212724969,-0.273924032749,-0.0882243575366,0.875,0.15625,0.28125,0.0104166666667,0.0666004281026
kang_schafer,kang_schafer_ii,cui_selective_ml,1000,0,96,2.83878775351,1.90460031539,2.46261436186,0.329079705577,0.203018780911,0.441219751108,0.132511981985,0.0524421677364,0.22267171486,-0.196567723592,-0.278936908515,-0.104126615763,0.979166666667,0.447916666667,0.25,0.0833333333333,0.207997490356
kang_schafer,kang_schafer_ii,ma_dr_bc,200,0,96,70.5152048642,67.3885682464,68.3248494576,0.044339892705,0.0144398689586,0.0867763498426,0.03106217178,0.00728484138784,0.0656105767571,-0.013277720925,-0.0279123992356,-0.00205805867895,0.25,0.0833333333333,0.09375,0,0.0485606607411
kang_schafer,kang_schafer_ii,ma_dr_bc,1000,0,96,6.28730856447,5.93251660702,6.01134224138,0.0564298624453,0.000603627608241,0.116439483145,0.0438926005074,0.00263609158527,0.0939440575281,-0.0125372619379,-0.0329338132185,0.00991677907734,0.354166666667,0.208333333333,0.145833333333,0.0625,0.105997364637
kang_schafer,kang_schafer_ii,tmle,200,0,96,10.8559681105,10.5401203139,10.9750275172,0.0290943924519,-0.153426128287,0.158725784298,-0.0109671846418,-0.0393830339865,0,-0.0400615770937,-0.159952447041,0.116549704224,0.239583333333,0.0104166666667,0.0520833333333,0.0104166666667,0.00397418310806
kang_schafer,kang_schafer_ii,tmle,1000,0,96,1.99223894257,2.09916276337,1.99259777821,-0.0536701790719,-0.170247752592,0.048303563782,-0.000180116769218,-0.0273813927865,0.0231884099978,0.0534900623027,-0.0414237565802,0.161268739362,0.645833333333,0.0625,0.322916666667,0.03125,0.0278043415599
real,real_breast_cancer_aligned,aipw,6000,0,96,0.00192993638258,0.00192993638258,0.00192993638258,0,0,0,0,0,0,0,0,0,0,0,0,0,0
real,real_breast_cancer_aligned,aipw,6000,1,96,0.00358208831868,0.00358208831868,0.00358208831868,0,0,0,0,0,0,0,0,0,0,0,0,0,0
real,real_breast_cancer_aligned,aipw,6000,2,96,0.00796193399664,0.00796193399664,0.00796193399664,0,0,0,0,0,0,0,0,0,0,0,0,0,0
real,real_breast_cancer_aligned,ctmle,6000,0,96,0.00124285223359,0.00124285223359,0.00124285223359,0,0,0,0,0,0,0,0,0,0,0,0,0,0
real,real_breast_cancer_aligned,ctmle,6000,1,96,0.00248610560231,0.00248610560231,0.00248610560231,0,0,0,0,0,0,0,0,0,0,0,0,0,0
real,real_breast_cancer_aligned,ctmle,6000,2,96,0.0114628851285,0.0114628851285,0.0114628851285,0,0,0,0,0,0,0,0,0,0,0,0,0,0
real,real_breast_cancer_aligned,cui_selective_ml,6000,0,96,0.000678908973951,0.000673729498604,0.000678356784102,0.00762911604611,0.00169340726103,0.0157580700796,0.000813348873018,0,0.00279004857098,-0.0068157671731,-0.0146158071699,-0.00112819120499,0.09375,0.0208333333333,0.0208333333333,0,0.00887386617068
real,real_breast_cancer_aligned,cui_selective_ml,6000,1,96,0.00272916634369,0.0026977785179,0.00271977589569,0.0115008840924,-0.00256580212166,0.027619168329,0.00344077524782,0,0.0114705204435,-0.00806010884454,-0.0191018351411,0.0036578551598,0.135416666667,0.0104166666667,0.0208333333333,0,0.00627980677871
real,real_breast_cancer_aligned,cui_selective_ml,6000,2,96,0.00886980320834,0.00863098271338,0.00877693191408,0.0269251176538,0.00482304684456,0.0504271102591,0.0104705022278,0.000974719826305,0.0230635413667,-0.016454615426,-0.0341286195915,0.00117794534205,0.416666666667,0.0625,0.135416666667,0.0104166666667,0.0345130551473
real,real_breast_cancer_aligned,ma_dr_bc,6000,0,96,0.00308774610953,0.00308774610953,0.00308774610953,0,0,0,0,0,0,0,0,0,0,0,0,0,0
real,real_breast_cancer_aligned,ma_dr_bc,6000,1,96,0.00719802505771,0.00719802505771,0.00719802505771,0,0,0,0,0,0,0,0,0,0,0,0,0,0
real,real_breast_cancer_aligned,ma_dr_bc,6000,2,96,0.0247350098409,0.0247305429166,0.0247350098409,0.000180591166256,0,0.000601174983607,0,0,0,-0.000180591166256,-0.000601174983607,0,0.0104166666667,0,0,0,0
real,real_breast_cancer_aligned,tmle,6000,0,96,0.000962402458208,0.000962402458208,0.000962402458208,0,0,0,0,0,0,0,0,0,0,0,0,0,0
real,real_breast_cancer_aligned,tmle,6000,1,96,0.00254957764085,0.00254957764085,0.00254957764085,0,0,0,0,0,0,0,0,0,0,0,0,0,0
real,real_breast_cancer_aligned,tmle,6000,2,96,0.00908901877521,0.00908901877521,0.00908901877521,0,0,0,0,0,0,0,0,0,0,0,0,0,0
real,real_breast_cancer_misaligned,aipw,6000,0,96,0.00127641293958,0.0012863473192,0.00127641293958,-0.0077830452164,-0.026311231506,0,0,0,0,0.0077830452164,0,0.026311231506,0.0104166666667,0,0.0104166666667,0,0
real,real_breast_cancer_misaligned,aipw,6000,1,96,0.0024461452126,0.0024461452126,0.0024461452126,0,0,0,0,0,0,0,0,0,0,0,0,0,0
real,real_breast_cancer_misaligned,aipw,6000,2,96,0.0055411820055,0.00545121651185,0.00551715879024,0.0162357947387,-0.0125896090837,0.053258786518,0.00433539545075,0,0.0148326496213,-0.0119003992879,-0.047524598081,0.0140437938179,0.125,0.0104166666667,0.0729166666667,0,0.00665318163747
real,real_breast_cancer_misaligned,ctmle,6000,0,96,0.000849775853311,0.000849775853311,0.000849775853311,0,0,0,0,0,0,0,0,0,0,0,0,0,0
real,real_breast_cancer_misaligned,ctmle,6000,1,96,0.00233911470897,0.00233911470897,0.00233911470897,0,0,0,0,0,0,0,0,0,0,0,0,0,0
real,real_breast_cancer_misaligned,ctmle,6000,2,96,0.0116620305246,0.0116847816995,0.011683485022,-0.00195087594701,-0.00648930470896,0,-0.00183968797789,-0.00611945412326,0,0.000111187969126,0,0.000369850585699,0.0104166666667,0.0104166666667,0.0104166666667,0.0104166666667,0.00988829955861
real,real_breast_cancer_misaligned,cui_selective_ml,6000,0,96,0.000643245285823,0.000626881454521,0.0006390373965,0.0254394888908,-0.00429777449813,0.0586171789864,0.00654165590683,0,0.0228457588551,-0.018897832984,-0.0445389648032,0.00448707522538,0.125,0.0104166666667,0.0729166666667,0,0.00516447132893
real,real_breast_cancer_misaligned,cui_selective_ml,6000,1,96,0.00243239399441,0.00237400677027,0.00239346285898,0.0240040159077,-0.0290170124598,0.0938833263447,0.0160052752637,-0.00248628092174,0.0524286000573,-0.00799874064395,-0.0476731162572,0.0299976259465,0.40625,0.0520833333333,0.21875,0.0208333333333,0.0186248935122
real,real_breast_cancer_misaligned,cui_selective_ml,6000,2,96,0.0108861290363,0.00864823984621,0.00999344174072,0.205572539389,0.116655231292,0.298253999638,0.0820022702858,0.035692109422,0.13992624485,-0.123570269103,-0.182115869243,-0.0619440164969,0.583333333333,0.166666666667,0.145833333333,0,0.0780253971435
real,real_breast_cancer_misaligned,ma_dr_bc,6000,0,96,0.00209876902563,0.00209876902563,0.00209876902563,0,0,0,0,0,0,0,0,0,0,0,0,0,0
real,real_breast_cancer_misaligned,ma_dr_bc,6000,1,96,0.00695050625418,0.00695050625418,0.00695050625418,0,0,0,0,0,0,0,0,0,0,0,0,0,0
real,real_breast_cancer_misaligned,ma_dr_bc,6000,2,96,0.0265531554626,0.02650660445,0.0265531554626,0.00175312544749,0,0.00565445747581,0,0,0,-0.00175312544749,-0.00565445747581,0,0.0208333333333,0,0,0,0
real,real_breast_cancer_misaligned,tmle,6000,0,96,0.000595621361478,0.000595621361478,0.000595621361478,0,0,0,0,0,0,0,0,0,0,0,0,0,0
real,real_breast_cancer_misaligned,tmle,6000,1,96,0.00183467767201,0.00183964415248,0.00183467767201,-0.00270700436723,-0.00823518989409,0,0,0,0,0.00270700436723,0,0.00823518989409,0.0208333333333,0,0.0208333333333,0,0
real,real_breast_cancer_misaligned,tmle,6000,2,96,0.0071539915568,0.00706741832573,0.00709116795804,0.0121013884882,-0.0150927082034,0.039075979365,0.00878161488787,0.00141542303228,0.0194458198736,-0.00331977360032,-0.025308799789,0.0214555502004,0.125,0.0520833333333,0.03125,0,0.0287019166336
real,real_digits_aligned,aipw,6000,0,96,0.0020890311422,0.0020890311422,0.0020890311422,0,0,0,0,0,0,0,0,0,0,0,0,0,0
real,real_digits_aligned,aipw,6000,1,96,0.0071168537155,0.0071168537155,0.0071168537155,0,0,0,0,0,0,0,0,0,0,0,0,0,0
real,real_digits_aligned,aipw,6000,2,96,0.0173434377467,0.0173434377467,0.0173434377467,0,0,0,0,0,0,0,0,0,0,0,0,0,0
real,real_digits_aligned,ctmle,6000,0,96,0.00149228505141,0.00149228505141,0.00149228505141,0,0,0,0,0,0,0,0,0,0,0,0,0,0
real,real_digits_aligned,ctmle,6000,1,96,0.00347434840828,0.00347434840828,0.00347434840828,0,0,0,0,0,0,0,0,0,0,0,0,0,0
real,real_digits_aligned,ctmle,6000,2,96,0.020914788788,0.020914788788,0.020914788788,0,0,0,0,0,0,0,0,0,0,0,0,0,0
real,real_digits_aligned,cui_selective_ml,6000,0,96,0.000928704941337,0.00091889214057,0.000919692441699,0.0105661123685,-0.00943430292331,0.0476085620372,0.00970437351788,0,0.0329935589611,-0.000861738850602,-0.0152395711285,0.00945577618624,0.0625,0.0104166666667,0.0520833333333,0,0.00513978138457
real,real_digits_aligned,cui_selective_ml,6000,1,96,0.00297866931203,0.00297046478937,0.00297537175587,0.00275442548352,-0.00310378213071,0.0110052353941,0.0011070568142,0,0.00328560551901,-0.00164736866932,-0.00796803027013,0.00318476498323,0.0625,0.0208333333333,0.0416666666667,0,0.00407018700748
real,real_digits_aligned,cui_selective_ml,6000,2,96,0.0145127530099,0.014530661554,0.0145127530099,-0.00123398669328,-0.00316883598822,0.000241868158685,0,0,0,0.00123398669328,-0.000241868158685,0.00316883598822,0.0520833333333,0,0.0416666666667,0,0
real,real_digits_aligned,ma_dr_bc,6000,0,96,0.00212288826564,0.00212288826564,0.00212288826564,0,0,0,0,0,0,0,0,0,0,0,0,0,0
real,real_digits_aligned,ma_dr_bc,6000,1,96,0.0107695030636,0.0107695030636,0.0107695030636,0,0,0,0,0,0,0,0,0,0,0,0,0,0
real,real_digits_aligned,ma_dr_bc,6000,2,96,0.0458047175985,0.0458047175985,0.0458047175985,0,0,0,0,0,0,0,0,0,0,0,0,0,0
real,real_digits_aligned,tmle,6000,0,96,0.000802974083116,0.000802974083116,0.000802974083116,0,0,0,0,0,0,0,0,0,0,0,0,0,0
real,real_digits_aligned,tmle,6000,1,96,0.00386812891188,0.00386812891188,0.00386812891188,0,0,0,0,0,0,0,0,0,0,0,0,0,0
real,real_digits_aligned,tmle,6000,2,96,0.0177796521686,0.0177796521686,0.0177796521686,0,0,0,0,0,0,0,0,0,0,0,0,0,0
real,real_digits_misaligned,aipw,6000,0,96,0.00226657746377,0.00226657746377,0.00226657746377,0,0,0,0,0,0,0,0,0,0,0,0,0,0
real,real_digits_misaligned,aipw,6000,1,96,0.0027002336545,0.00266671281931,0.00267410062732,0.0124140498473,-0.00492307705127,0.0381637504319,0.00967806142764,-0.000410706427829,0.0318373586205,-0.00273598841963,-0.0129339957637,0.00604000141451,0.0416666666667,0.03125,0.0104166666667,0.0104166666667,0.0137985504497
real,real_digits_misaligned,aipw,6000,2,96,0.00305906006685,0.00302742968545,0.0030479564238,0.0103399020317,-0.00396589355799,0.0279052743278,0.00362975646403,0,0.0123028014443,-0.00671014556768,-0.0204957066851,0.00516476225688,0.0625,0.0208333333333,0.0208333333333,0,0.00768540910262
real,real_digits_misaligned,ctmle,6000,0,96,0.00180124621491,0.00180124621491,0.00180124621491,0,0,0,0,0,0,0,0,0,0,0,0,0,0
real,real_digits_misaligned,ctmle,6000,1,96,0.0014933945734,0.0014933945734,0.0014933945734,0,0,0,0,0,0,0,0,0,0,0,0,0,0
real,real_digits_misaligned,ctmle,6000,2,96,0.00145251694649,0.00145251694649,0.00145251694649,0,0,0,0,0,0,0,0,0,0,0,0,0,0
real,real_digits_misaligned,cui_selective_ml,6000,0,96,0.00146689816242,0.00146595791229,0.00146526002951,0.000640978464739,-0.00626622654128,0.00754819694103,0.00111673254172,0,0.00390417711654,0.000475754076978,-0.00497683107063,0.00689510043698,0.0520833333333,0.0104166666667,0.03125,0,0.00587655049247
real,real_digits_misaligned,cui_selective_ml,6000,1,96,0.00387475001305,0.00387105185212,0.00388336113844,0.000954425683595,-0.0184347131047,0.0223760087536,-0.00222236927671,-0.0255609750336,0.00447339594232,-0.00317679496031,-0.0226712892859,-2.53380848296e-05,0.09375,0.03125,0.0208333333333,0.0208333333333,0.0161418392513
real,real_digits_misaligned,cui_selective_ml,6000,2,96,0.00162861600824,0.00157040525578,0.00162077053549,0.0357424660945,-0.00966102198255,0.0981738150243,0.00481726368254,-0.00169371302131,0.0152864726471,-0.030925202412,-0.092581322425,0.0133007614623,0.291666666667,0.0520833333333,0.125,0.0104166666667,0.0322703137395
real,real_digits_misaligned,ma_dr_bc,6000,0,96,0.00347291150505,0.00347291150505,0.00347291150505,0,0,0,0,0,0,0,0,0,0,0,0,0,0
real,real_digits_misaligned,ma_dr_bc,6000,1,96,0.00290159995743,0.00290159995743,0.00290159995743,0,0,0,0,0,0,0,0,0,0,0,0,0,0
real,real_digits_misaligned,ma_dr_bc,6000,2,96,0.00382221205866,0.00382221205866,0.00382221205866,0,0,0,0,0,0,0,0,0,0,0,0,0,0
real,real_digits_misaligned,tmle,6000,0,96,0.0010879807599,0.0010879807599,0.0010879807599,0,0,0,0,0,0,0,0,0,0,0,0,0,0
real,real_digits_misaligned,tmle,6000,1,96,0.00110945822922,0.0011046400476,0.00110945822922,0.00434282381008,0,0.0153949931954,0,0,0,-0.00434282381008,-0.0153949931954,0,0.0104166666667,0,0,0,0
real,real_digits_misaligned,tmle,6000,2,96,0.00158960992858,0.00158991426171,0.00158917926288,-0.000191451453519,-0.00933969907199,0.00917440476507,0.000270925396812,0,0.000964325008374,0.000462376850331,-0.00881360783239,0.00959279450549,0.0416666666667,0.0104166666667,0.0208333333333,0,0.00172343316384
