group,setting,method,n,strength,reps,low_response_gain,low_response_gain_ci_low,low_response_gain_ci_high,high_response_gain,high_response_gain_ci_low,high_response_gain_ci_high,low_minus_high_gain,low_minus_high_gain_ci_low,low_minus_high_gain_ci_high,low_final_activation,high_final_activation,low_harm,high_harm
Kang--Schafer,"KS CC, $n=1000$",aipw,1000,0,96,0.129017437271,0.000294708931854,0.249161269831,0.00081897353638,-0.00121502697325,0.00364777992117,0.128198463735,-0.00022137417338,0.248383972707,0.885416666667,0.0625,0.40625,0.0416666666667
Kang--Schafer,"KS CC, $n=1000$",ctmle,1000,0,96,3.44776955862e-05,0,0.000122445038336,0.000482879391706,-0.00014056155943,0.00162095499041,-0.00044840169612,-0.00159344996824,0.000184413245668,0.0104166666667,0.03125,0,0.0104166666667
Kang--Schafer,"KS CC, $n=1000$",cui_selective_ml,1000,0,96,-0.00172017269814,-0.00600477206115,0.00159698157615,-4.06569627374e-05,-0.000524453851321,0.00045146709211,-0.0016795157354,-0.00604772970731,0.00180830877238,0.177083333333,0.177083333333,0.0833333333333,0.09375
Kang--Schafer,"KS CC, $n=1000$",ma_dr_bc,1000,0,96,0.00199721187746,-0.00685527353183,0.0114689191624,-0.00217094558174,-0.00777761690481,0.00142505291811,0.0041681574592,-0.00549910192238,0.0149982393128,0.197916666667,0.0520833333333,0.104166666667,0.03125
Kang--Schafer,"KS CC, $n=200$",aipw,200,0,96,0.288472856644,0.141173110918,0.415320786184,-0.00310943589546,-0.0554038246539,0.0535967269558,0.29158229254,0.143856825474,0.42021655629,0.5,0.34375,0.177083333333,0.177083333333
Kang--Schafer,"KS CC, $n=200$",ctmle,200,0,96,-0.00656152600257,-0.0312911950764,0.0117520992375,-0.00242005772041,-0.011788204569,0.00449378434496,-0.00414146828216,-0.0298732199463,0.0163304790973,0.09375,0.125,0.0416666666667,0.0625
Kang--Schafer,"KS CC, $n=200$",cui_selective_ml,200,0,96,-0.00158400296801,-0.00545156376703,0.000937694560702,0.000571882665676,-0.000363674440401,0.00173572903988,-0.00215588563368,-0.0060538930225,0.00063466893717,0.125,0.145833333333,0.0625,0.0625
Kang--Schafer,"KS CC, $n=200$",ma_dr_bc,200,0,96,0.0892432034608,-0.00187128962815,0.187038903266,0.038072285822,-0.00547701067368,0.081835722955,0.0511709176388,-0.0529376205488,0.16070455117,0.458333333333,0.302083333333,0.229166666667,0.0833333333333
Kang--Schafer,"KS CI, $n=1000$",aipw,1000,0,96,0.127351674035,0.0155799250393,0.228991485827,0.0018514331838,-0.00102338066795,0.00596878804478,0.125500240851,0.0141002312431,0.227543301696,0.8125,0.09375,0.34375,0.0625
Kang--Schafer,"KS CI, $n=1000$",ctmle,1000,0,96,0,0,0,5.00652689596e-05,-1.04243325656e-05,0.000185441166854,-5.00652689596e-05,-0.000185441166854,1.04243325656e-05,0,0.0208333333333,0,0.0104166666667
Kang--Schafer,"KS CI, $n=1000$",cui_selective_ml,1000,0,96,5.12356338563e-05,-0.00248926269379,0.00220782547221,-0.000508828648071,-0.00119468911616,4.55701170779e-05,0.000560064281928,-0.00212661300643,0.00280263804647,0.104166666667,0.125,0.0416666666667,0.0520833333333
Kang--Schafer,"KS CI, $n=1000$",ma_dr_bc,1000,0,96,0.00578603853631,-0.0251405485509,0.0336265196932,0.000224723700589,-0.00674527452927,0.00656664587611,0.00556131483572,-0.0258392027761,0.0350941346185,0.291666666667,0.0520833333333,0.135416666667,0.0208333333333
Kang--Schafer,"KS CI, $n=200$",aipw,200,0,96,0.24790640968,0.134883614473,0.358715427976,0.0542680675057,0.0120580949448,0.101206142992,0.193638342174,0.0638862445171,0.319702242723,0.6875,0.322916666667,0.239583333333,0.0729166666667
Kang--Schafer,"KS CI, $n=200$",ctmle,200,0,96,0.00533735956363,-0.00473936724057,0.0177825475203,-0.00192564309433,-0.0180811251056,0.0110065423967,0.00726300265796,-0.00928014266176,0.0270975571705,0.09375,0.145833333333,0.0416666666667,0.0625
Kang--Schafer,"KS CI, $n=200$",cui_selective_ml,200,0,96,0.00502281190671,-0.000590571821413,0.0117180685973,-4.02024140267e-06,-0.00188256336976,0.00179343150415,0.00502683214811,-0.000955153200216,0.0118558995343,0.1875,0.208333333333,0.0833333333333,0.104166666667
Kang--Schafer,"KS CI, $n=200$",ma_dr_bc,200,0,96,0.131969395598,0.0129225992487,0.232411942424,0.0303482789249,-0.0329764013849,0.0857830842421,0.101621116673,-0.028747392791,0.219270117292,0.5,0.416666666667,0.1875,0.15625
Kang--Schafer,"KS IC, $n=1000$",aipw,1000,0,96,0.113972711632,0.0562362203332,0.180208212478,-0.000605980229291,-0.00148140129363,-2.20308249245e-05,0.114578691861,0.0568831025935,0.180811545364,0.552083333333,0.0520833333333,0.197916666667,0.0520833333333
Kang--Schafer,"KS IC, $n=1000$",ctmle,1000,0,96,0,0,0,0.001030788871,-0.000350180340109,0.00297391289482,-0.001030788871,-0.00297391289482,0.000350180340109,0,0.09375,0,0.0416666666667
Kang--Schafer,"KS IC, $n=1000$",cui_selective_ml,1000,0,96,-0.0550799337121,-0.221233597023,0.0883117540787,-0.0146066902377,-0.0262753375774,-0.00329738243937,-0.0404732434743,-0.20633018462,0.102847111772,0.854166666667,0.572916666667,0.385416666667,0.416666666667
Kang--Schafer,"KS IC, $n=1000$",ma_dr_bc,1000,0,96,0.000523569450945,-0.0112438880398,0.0147454896847,0.00554483973697,-0.018771565375,0.030042318496,-0.00502127028603,-0.0346107348386,0.024853506655,0.114583333333,0.145833333333,0.0520833333333,0.0520833333333
Kang--Schafer,"KS IC, $n=200$",aipw,200,0,96,0.208751412151,0.0998395657637,0.303954897839,0.0218365745854,0.00719470292036,0.0389458058217,0.186914837566,0.0798273530093,0.278879698378,0.322916666667,0.197916666667,0.0729166666667,0.0416666666667
Kang--Schafer,"KS IC, $n=200$",ctmle,200,0,96,0.0316655568869,-2.10953050618e-05,0.0918690980718,-0.000981703454883,-0.00471403468758,0.00260171145848,0.0326472603417,-0.0014986850324,0.0926687320616,0.0416666666667,0.166666666667,0.0104166666667,0.0833333333333
Kang--Schafer,"KS IC, $n=200$",cui_selective_ml,200,0,96,0.120640563688,0.0115947317833,0.221236844711,0.0117590455109,-0.0247658009235,0.0496631556319,0.108881518177,-0.00698319785269,0.211566181792,0.739583333333,0.666666666667,0.34375,0.34375
Kang--Schafer,"KS IC, $n=200$",ma_dr_bc,200,0,96,-0.000119004765617,-0.137626470732,0.103690557317,0.0468469443133,0.00257565244831,0.0900926475241,-0.0469659490789,-0.171249185176,0.0495729979438,0.322916666667,0.208333333333,0.145833333333,0.09375
Kang--Schafer,"KS II, $n=1000$",aipw,1000,0,96,0.0610530968851,-0.0018433146363,0.118922292348,-0.00222992977396,-0.00597710296713,0.000365385628715,0.0632830266591,-6.20912502937e-05,0.12252006775,0.427083333333,0.135416666667,0.197916666667,0.0833333333333
Kang--Schafer,"KS II, $n=1000$",ctmle,1000,0,96,0.00212209235407,0,0.00569457676069,0.000609336240784,-0.000260120099732,0.00181067018207,0.00151275611329,-0.00102381569751,0.0051110535071,0.03125,0.0625,0,0.0104166666667
Kang--Schafer,"KS II, $n=1000$",cui_selective_ml,1000,0,96,0.0110576157795,-0.0719836952782,0.0954685851008,0.0208542285188,0.0104129960735,0.0334721616344,-0.00979661273922,-0.0909479324713,0.0721214418901,0.802083333333,0.5625,0.34375,0.177083333333
Kang--Schafer,"KS II, $n=1000$",ma_dr_bc,1000,0,96,0.00846388480873,-0.00613609736294,0.0267586352867,-0.0166657815946,-0.0304438049892,-0.00413304561997,0.0251296664033,0.00564461117103,0.0467462570918,0.125,0.239583333333,0.0625,0.166666666667
Kang--Schafer,"KS II, $n=200$",aipw,200,0,96,0.151243621525,0.0327496317061,0.255072728304,-0.050009439693,-0.147018887959,0.00244376192186,0.201253061218,0.0674617472913,0.319329558326,0.239583333333,0.239583333333,0.0729166666667,0.125
Kang--Schafer,"KS II, $n=200$",ctmle,200,0,96,-0.00815766409899,-0.0265316669644,0,0.0108146782787,0.000252997127011,0.0257209263275,-0.0189723423777,-0.0407533510943,-0.00193240938691,0.0104166666667,0.125,0.0104166666667,0.0416666666667
Kang--Schafer,"KS II, $n=200$",cui_selective_ml,200,0,96,0.0734874166778,-0.0316113149317,0.170810982434,0.0892786226691,-0.00727249010046,0.175034585401,-0.0157912059913,-0.142048334629,0.102191159641,0.71875,0.822916666667,0.28125,0.34375
Kang--Schafer,"KS II, $n=200$",ma_dr_bc,200,0,96,0.026316154825,-0.00379814121619,0.0719667168464,0.026750746941,-0.000101160964306,0.0615502024005,-0.000434592116009,-0.0476633491077,0.0526443018943,0.166666666667,0.28125,0.0625,0.09375
Semi-synthetic benchmarks,"ACIC 2016 A, $s=0$",aipw,3000,0,96,0.0109926942883,-0.0180750117064,0.042528197251,-0.00051184663261,-0.00249980367857,0.000808766195271,0.0115045409209,-0.0176623747212,0.043008588109,0.104166666667,0.0416666666667,0.0625,0.0104166666667
Semi-synthetic benchmarks,"ACIC 2016 A, $s=0$",ctmle,3000,0,96,0,0,0,0,0,0,0,0,0,0,0,0,0
Semi-synthetic benchmarks,"ACIC 2016 A, $s=0$",cui_selective_ml,3000,0,96,0.0176074442266,-0.00869833751267,0.054785893349,0.000526587668658,-0.00234130330165,0.00370776553877,0.0170808565579,-0.0102194501891,0.0548175273394,0.0625,0.145833333333,0.03125,0.0729166666667
Semi-synthetic benchmarks,"ACIC 2016 A, $s=0$",ma_dr_bc,3000,0,96,0.00324405491765,-0.00631681589628,0.0134547980958,-0.00165966908987,-0.00864210142468,0.0033862648044,0.00490372400752,-0.00634913407218,0.0169983575751,0.135416666667,0.0729166666667,0.0520833333333,0.0416666666667
Semi-synthetic benchmarks,"ACIC 2016 A, $s=3$",aipw,3000,3,96,-0.00687093891416,-0.0214257843304,0.00113506602542,-0.000420022348412,-0.00222259167328,0.000913162686598,-0.00645091656574,-0.021031013116,0.00187068940513,0.104166666667,0.0625,0.0833333333333,0.0208333333333
Semi-synthetic benchmarks,"ACIC 2016 A, $s=3$",ctmle,3000,3,96,0,0,0,-7.93081257875e-05,-0.000219091354235,0,7.93081257875e-05,0,0.000219091354235,0,0.0208333333333,0,0.0208333333333
Semi-synthetic benchmarks,"ACIC 2016 A, $s=3$",cui_selective_ml,3000,3,96,-0.00493778360234,-0.0182361539491,0.00622753152425,-0.00089709840635,-0.00200624876264,-5.67957451681e-05,-0.00404068519599,-0.0173743904508,0.00719688974104,0.125,0.145833333333,0.0520833333333,0.0833333333333
Semi-synthetic benchmarks,"ACIC 2016 A, $s=3$",ma_dr_bc,3000,3,96,0.00601881986537,0.000196504690301,0.0148873723829,1.12114848463e-05,-0.000251811089231,0.000270973874459,0.00600760838052,0.000269120419111,0.0147016064828,0.0729166666667,0.0416666666667,0.0104166666667,0.0208333333333
Semi-synthetic benchmarks,"ACIC 2016 B, $s=0$",aipw,3000,0,96,0.00718572683343,0.00122925390853,0.0161972006898,-0.000548190624823,-0.00181133800438,0,0.00773391745825,0.00166359508558,0.0168862275545,0.0729166666667,0.0208333333333,0.0104166666667,0.0208333333333
Semi-synthetic benchmarks,"ACIC 2016 B, $s=0$",ctmle,3000,0,96,0.00268385440736,0,0.00911015526352,0.000956791210095,-0.000725529943523,0.0030092802697,0.00172706319727,-0.00251212848372,0.00849960493143,0.0104166666667,0.0520833333333,0,0.0208333333333
Semi-synthetic benchmarks,"ACIC 2016 B, $s=0$",cui_selective_ml,3000,0,96,-0.00143617845974,-0.0076493512808,0.00227783784216,0.00157320976365,-0.00111653223786,0.0049999255701,-0.00300938822339,-0.00996490278736,0.00191525318211,0.0416666666667,0.15625,0.0208333333333,0.0520833333333
Semi-synthetic benchmarks,"ACIC 2016 B, $s=0$",ma_dr_bc,3000,0,96,0.00311207393687,-0.00704784887011,0.014999543006,0.00442132331107,0.0011206751517,0.00866782632499,-0.0013092493742,-0.0121371930891,0.0110039663997,0.104166666667,0.09375,0.0416666666667,0.0104166666667
Semi-synthetic benchmarks,"ACIC 2016 B, $s=3$",aipw,3000,3,96,0.0087755839499,-0.0103582227545,0.0383219945363,0.000155967464079,-0.00119320228667,0.00185556606889,0.00861961648582,-0.0113481784612,0.0383839494795,0.09375,0.0625,0.0625,0.03125
Semi-synthetic benchmarks,"ACIC 2016 B, $s=3$",ctmle,3000,3,96,-0.000992857571388,-0.00348166174978,0,5.2728139184e-05,0,0.000156222885973,-0.00104558571057,-0.00352998934899,0,0.0104166666667,0.0208333333333,0.0104166666667,0
Semi-synthetic benchmarks,"ACIC 2016 B, $s=3$",cui_selective_ml,3000,3,96,-0.0117566860541,-0.0404909190612,0.0156194948696,-0.000865910629577,-0.00287451583009,0.000807408377197,-0.0108907754245,-0.0397715420475,0.0166592545725,0.0833333333333,0.15625,0.0625,0.09375
Semi-synthetic benchmarks,"ACIC 2016 B, $s=3$",ma_dr_bc,3000,3,96,0.0176770874943,-0.00269752217221,0.0547122244748,0.00103965497502,-0.0034939279932,0.00710796538963,0.0166374325193,-0.00528223242111,0.0541150963623,0.09375,0.0833333333333,0.03125,0.0416666666667
Semi-synthetic benchmarks,"ACIC 2017 A, $s=0$",aipw,3000,0,96,0.00277764205796,-0.0308171932377,0.0320951313806,0.00259553115834,-0.00263346905013,0.0102360704966,0.000182110899622,-0.0335363237463,0.030496788074,0.0729166666667,0.125,0.0208333333333,0.0520833333333
Semi-synthetic benchmarks,"ACIC 2017 A, $s=0$",ctmle,3000,0,96,0,0,0,0.000163223163115,-0.00131296542826,0.00176105815239,-0.000163223163115,-0.00176105815239,0.00131296542826,0,0.0208333333333,0,0.0104166666667
Semi-synthetic benchmarks,"ACIC 2017 A, $s=0$",cui_selective_ml,3000,0,96,0.00750797529736,-0.00300385294029,0.0263036932863,-0.000297636839198,-0.00204865725315,0.00124914919355,0.00780561213656,-0.00287705647062,0.0267243719884,0.03125,0.125,0.0104166666667,0.0625
Semi-synthetic benchmarks,"ACIC 2017 A, $s=0$",ma_dr_bc,3000,0,96,0.00518417290406,-0.0062013567456,0.017853903722,0.0122936968656,0.00446728007095,0.0221229327366,-0.00710952396152,-0.0214248393129,0.00749322488386,0.166666666667,0.135416666667,0.0520833333333,0.0104166666667
Semi-synthetic benchmarks,"ACIC 2017 A, $s=3$",aipw,3000,3,96,0.00447518654022,-0.015694349036,0.0259791309571,0.000733022802542,-0.00165153502575,0.00422921989934,0.00374216373767,-0.0166322139706,0.0255246813098,0.104166666667,0.0729166666667,0.0416666666667,0.0520833333333
Semi-synthetic benchmarks,"ACIC 2017 A, $s=3$",ctmle,3000,3,96,0,0,0,0,0,0,0,0,0,0,0,0,0
Semi-synthetic benchmarks,"ACIC 2017 A, $s=3$",cui_selective_ml,3000,3,96,0.00421292103287,-0.00557287654526,0.0148857920525,-1.54324075667e-05,-0.000194265022626,0.000177128976282,0.00422835344044,-0.00552779717045,0.0149162531024,0.208333333333,0.03125,0.104166666667,0.0208333333333
Semi-synthetic benchmarks,"ACIC 2017 A, $s=3$",ma_dr_bc,3000,3,96,0.00902796230859,0.00205447555698,0.0183064706062,0.00281490883509,-0.000920822615324,0.00747412172461,0.00621305347349,-0.00259569300192,0.0164779356154,0.104166666667,0.15625,0.0208333333333,0.09375
Semi-synthetic benchmarks,"ACIC 2017 B, $s=0$",aipw,3000,0,96,0.00942146465396,-0.00163573122208,0.0250478329423,-0.000523182369632,-0.00151743517586,0.000141408083526,0.0099446470236,-0.00118104711364,0.0256029141282,0.0833333333333,0.0520833333333,0.0208333333333,0.03125
Semi-synthetic benchmarks,"ACIC 2017 B, $s=0$",ctmle,3000,0,96,-0.000176559856837,-0.000640841018689,0,4.67293090334e-06,0,1.68837195027e-05,-0.00018123278774,-0.000647268149205,0,0.0104166666667,0.0104166666667,0.0104166666667,0
Semi-synthetic benchmarks,"ACIC 2017 B, $s=0$",cui_selective_ml,3000,0,96,-0.0202740904194,-0.0510158924613,0.00274854752861,0.00091428213436,-0.000858641122805,0.00349652458071,-0.0211883725538,-0.0520162709477,0.00184016803078,0.09375,0.104166666667,0.0625,0.0416666666667
Semi-synthetic benchmarks,"ACIC 2017 B, $s=0$",ma_dr_bc,3000,0,96,-0.000925749531514,-0.0208718962855,0.0173287825498,0.0038498452611,-0.000565359105211,0.0111084069971,-0.00477559479262,-0.025157814875,0.0126089710657,0.104166666667,0.09375,0.0416666666667,0.0625
Semi-synthetic benchmarks,"ACIC 2017 B, $s=3$",aipw,3000,3,96,-0.00432579069652,-0.0110958184389,0.000501677816858,0.00159716843351,-0.00722353907364,0.0111280685307,-0.00592295913003,-0.0169420587401,0.00414484495461,0.0729166666667,0.0625,0.0520833333333,0.0208333333333
Semi-synthetic benchmarks,"ACIC 2017 B, $s=3$",ctmle,3000,3,96,0,0,0,-0.000155368513901,-0.000547008597998,0,0.000155368513901,0,0.000547008597998,0,0.0104166666667,0,0.0104166666667
Semi-synthetic benchmarks,"ACIC 2017 B, $s=3$",cui_selective_ml,3000,3,96,-0.0176835569526,-0.0360404502303,-0.00238005451989,0.000407541254981,-0.00296872092005,0.00492816661332,-0.0180910982076,-0.0368341184689,-0.0023918125706,0.0520833333333,0.135416666667,0.0520833333333,0.0833333333333
Semi-synthetic benchmarks,"ACIC 2017 B, $s=3$",ma_dr_bc,3000,3,96,0.00284419113508,-0.00948324334548,0.0219066562028,0.00488920753631,-0.000324553200714,0.0117425857871,-0.00204501640123,-0.016261530019,0.0176949094988,0.114583333333,0.0833333333333,0.0729166666667,0.0208333333333
Semi-synthetic benchmarks,"IHDP A, $s=0$",aipw,3000,0,96,-2.84415810583e-05,-0.0180088114356,0.0152095249391,0.00135782417864,-0.000898383727644,0.00450245060578,-0.00138626575969,-0.019537912456,0.0137171866028,0.09375,0.0520833333333,0.0520833333333,0.0104166666667
Semi-synthetic benchmarks,"IHDP A, $s=0$",ctmle,3000,0,96,0,0,0,0,0,0,0,0,0,0,0,0,0
Semi-synthetic benchmarks,"IHDP A, $s=0$",cui_selective_ml,3000,0,96,-0.0152499568998,-0.0437392750476,1.56260190293e-05,0.00014654368399,-0.000169809920573,0.000582821474559,-0.0153965005838,-0.0438480673671,1.36341113525e-05,0.03125,0.0416666666667,0.0208333333333,0.0208333333333
Semi-synthetic benchmarks,"IHDP A, $s=0$",ma_dr_bc,3000,0,96,-0.000861434298292,-0.00539550526997,0.00262689054499,0.00276976459112,-0.00154578407884,0.00824242646072,-0.00363119888941,-0.0105101409013,0.00206331852129,0.0625,0.104166666667,0.03125,0.0416666666667
Semi-synthetic benchmarks,"IHDP A, $s=3$",aipw,3000,3,96,0.0162098502448,-0.0181706415091,0.056815899323,0.00101216764817,-0.00030071472007,0.00372284601688,0.0151976825967,-0.0196335044523,0.0560249398914,0.197916666667,0.0729166666667,0.104166666667,0.03125
Semi-synthetic benchmarks,"IHDP A, $s=3$",ctmle,3000,3,96,0.00212035635395,0,0.00670789087427,2.87040353953e-05,0,9.33073116799e-05,0.00209165231855,-8.26568745768e-05,0.00668676053455,0.0104166666667,0.0104166666667,0,0
Semi-synthetic benchmarks,"IHDP A, $s=3$",cui_selective_ml,3000,3,96,0.0120617353769,0.00551932839977,0.0199814014987,-3.69529636339e-05,-0.0006833174184,0.000486720620082,0.0120986883406,0.00541237854687,0.0200685734233,0.15625,0.0520833333333,0,0.03125
Semi-synthetic benchmarks,"IHDP A, $s=3$",ma_dr_bc,3000,3,96,0.0158962313908,0.00608348922124,0.0282221812108,0.0183109803163,0.00891830786504,0.0287461133417,-0.00241474892555,-0.0167079986379,0.0131217536037,0.166666666667,0.1875,0.0416666666667,0
Semi-synthetic benchmarks,"IHDP B, $s=0$",aipw,3000,0,96,0.00364849394373,-0.00911057128259,0.0189790352915,0.000464128365382,0,0.0012675440292,0.00318436557835,-0.00958673249251,0.0185835863121,0.104166666667,0.0208333333333,0.0416666666667,0
Semi-synthetic benchmarks,"IHDP B, $s=0$",ctmle,3000,0,96,0,0,0,-3.11099760195e-05,-0.000111826342474,0,3.11099760195e-05,0,0.000111826342474,0,0.0104166666667,0,0.0104166666667
Semi-synthetic benchmarks,"IHDP B, $s=0$",cui_selective_ml,3000,0,96,-0.00942848587599,-0.0237473477702,0.000493770433113,-0.000140262440959,-0.000513941687926,0.000130738438965,-0.00928822343503,-0.0235205951941,0.000610360356327,0.09375,0.03125,0.0729166666667,0.0208333333333
Semi-synthetic benchmarks,"IHDP B, $s=0$",ma_dr_bc,3000,0,96,-0.000494805354746,-0.0169044631794,0.0132594474567,0.0104340096171,0.00345015841666,0.0190352849641,-0.0109288149719,-0.0297784806783,0.00544760389982,0.104166666667,0.125,0.0520833333333,0.0208333333333
Semi-synthetic benchmarks,"IHDP B, $s=3$",aipw,3000,3,96,0.0168679457864,-0.00795573129771,0.0480368090374,-2.24991251714e-05,-0.000222373216767,0.000139020928831,0.0168904449116,-0.00793741204228,0.0480222123109,0.0729166666667,0.0208333333333,0.0416666666667,0.0104166666667
Semi-synthetic benchmarks,"IHDP B, $s=3$",ctmle,3000,3,96,0,0,0,0,0,0,0,0,0,0,0,0,0
Semi-synthetic benchmarks,"IHDP B, $s=3$",cui_selective_ml,3000,3,96,0.00317637732889,-0.0117738773318,0.0207166327483,0.00037550243364,-0.00217672608713,0.00318802423545,0.00280087489525,-0.0123647059048,0.0204928049872,0.09375,0.125,0.0416666666667,0.0729166666667
Semi-synthetic benchmarks,"IHDP B, $s=3$",ma_dr_bc,3000,3,96,0.00304437168918,0.000646819331802,0.00670425392648,0.0166866782804,0.0060592293508,0.0300623372717,-0.0136423065912,-0.0270275238433,-0.00243689222787,0.0625,0.114583333333,0,0
Semi-synthetic benchmarks,"Twins A, $s=0$",aipw,3000,0,96,-0.00384201806213,-0.0122834857225,0.00185965129199,-0.000217508458104,-0.000824096500426,0.000247702612457,-0.00362450960403,-0.0120736333741,0.00209137789813,0.0416666666667,0.0833333333333,0.0208333333333,0.0416666666667
Semi-synthetic benchmarks,"Twins A, $s=0$",ctmle,3000,0,96,0,0,0,0,0,0,0,0,0,0,0,0,0
Semi-synthetic benchmarks,"Twins A, $s=0$",cui_selective_ml,3000,0,96,0.0157440730703,-0.00213607472291,0.0431632329823,0.00494228576912,-0.00286951823029,0.0175489548899,0.0108017873012,-0.0120848369898,0.0394705745304,0.0625,0.302083333333,0.0208333333333,0.135416666667
Semi-synthetic benchmarks,"Twins A, $s=0$",ma_dr_bc,3000,0,96,0.0113369152643,0.000550091568548,0.0296333601958,0.023121609424,0.011259342761,0.0363792248136,-0.0117846941597,-0.0301593273373,0.0106752267493,0.0625,0.197916666667,0.0104166666667,0.0208333333333
Semi-synthetic benchmarks,"Twins A, $s=3$",aipw,3000,3,96,0.000297804138669,-0.000794185543389,0.00209832957982,0.000424892101359,0,0.00118622383651,-0.00012708796269,-0.00148589402954,0.00170468505144,0.0416666666667,0.03125,0.03125,0
Semi-synthetic benchmarks,"Twins A, $s=3$",ctmle,3000,3,96,0,0,0,-3.12487695109e-05,-8.52701786795e-05,0,3.12487695109e-05,0,8.52701786795e-05,0,0.0208333333333,0,0.0208333333333
Semi-synthetic benchmarks,"Twins A, $s=3$",cui_selective_ml,3000,3,96,0.0293383463322,0.00648179889849,0.0577848785683,0.000422936809865,-0.00123469104307,0.00213885620863,0.0289154095224,0.00606889598153,0.0572771983056,0.229166666667,0.25,0.03125,0.09375
Semi-synthetic benchmarks,"Twins A, $s=3$",ma_dr_bc,3000,3,96,0.00465823491833,-0.000458561847922,0.0142866914569,0.00218356553082,-0.00682708555542,0.010297857514,0.00247466938751,-0.00867698136408,0.0156661390554,0.0416666666667,0.166666666667,0.0104166666667,0.09375
Semi-synthetic benchmarks,"Twins B, $s=0$",aipw,3000,0,96,0.0078282452311,0,0.0202091613443,4.85763448455e-05,0,0.000132602463239,0.00777966888625,-8.54857769528e-05,0.0201493636184,0.0208333333333,0.0208333333333,0,0
Semi-synthetic benchmarks,"Twins B, $s=0$",ctmle,3000,0,96,0,0,0,-9.58691022017e-05,-0.000345124688778,0,9.58691022017e-05,0,0.000345124688778,0,0.0104166666667,0,0.0104166666667
Semi-synthetic benchmarks,"Twins B, $s=0$",cui_selective_ml,3000,0,96,-0.00426624290732,-0.0276527965029,0.00846983358897,-5.30920300168e-06,-0.00311538912509,0.00401403600682,-0.00426093370432,-0.0281261507911,0.00805048325128,0.0416666666667,0.15625,0.0104166666667,0.0833333333333
Semi-synthetic benchmarks,"Twins B, $s=0$",ma_dr_bc,3000,0,96,0.00742001253709,0.000552893875365,0.0186645978329,0.0257255526308,0.00927250762561,0.0472305891102,-0.0183055400938,-0.0419263885542,0.00238287008411,0.0520833333333,0.177083333333,0,0.03125
Semi-synthetic benchmarks,"Twins B, $s=3$",aipw,3000,3,96,0.00568855347913,-0.00921393021622,0.0250277274704,-0.000113895102651,-0.000327073563009,0,0.00580244858178,-0.00908038310271,0.0251496733429,0.0520833333333,0.0208333333333,0.0208333333333,0.0208333333333
Semi-synthetic benchmarks,"Twins B, $s=3$",ctmle,3000,3,96,0,0,0,0,0,0,0,0,0,0,0,0,0
Semi-synthetic benchmarks,"Twins B, $s=3$",cui_selective_ml,3000,3,96,0.00539453889626,-0.00159383848933,0.0161046959344,0.0140273375693,-0.00166457615217,0.0349702617551,-0.00863279867303,-0.0313105229665,0.0101422317501,0.0625,0.364583333333,0.0208333333333,0.15625
Semi-synthetic benchmarks,"Twins B, $s=3$",ma_dr_bc,3000,3,96,0.00214216058368,-0.00243138761921,0.00971259051243,0.0269873815288,0.0138227835489,0.0434143117283,-0.0248452209452,-0.042447840163,-0.00964425299779,0.03125,0.208333333333,0.0208333333333,0.0208333333333
