artifact,role,owner,status_as_of_2026_08_14_1400z,completed,total,failed,paper_eligible,durable_location,sha256_or_manifest_sha256,next_action
certified_section4_release,submitted paper evidence,shared,complete,,,0,yes,data Overleaf support_csv/dml_section4_release_20260812_v1/,verified by release verifier,do not replace with exploratory values
public_replication_source,algorithms and generators,shared,dirty local worktree pending push,,,0,source only,https://github.com/atavory/ney,pending commit,push exact source and handoff
unified_cartesian_v3_dml,common-estimand baseline rows,dml,complete,2160,2160,0,no,aai_research_tlv/tree/atavory/dml_reference_transfer/unified_cartesian_20260814/dml_ks_alignment_v3/,1a6db65195d507ac2c4e1a21c62010b876f015ca0333bb6467c8dcf6d22ab6aa,retain as exploratory
full_bank_dml,full fitted-value bank,dml,running,9046,9234,0,no,aai_research_tlv/tree/atavory/dml_reference_transfer/full_expert_bank_handoff_20260814/,5b1e62644be799cddfa6f49e57dddd318ecc2c6a1a4f316bdb2a4eb3be847377,finish then publish verified slices
full_bank_dml2,full fitted-value bank,dml2,complete and locally audited,7086,7086,0,no,aai_research_tlv/tree/atavory/dml_reference_transfer/full_expert_bank_handoff_20260814/,7a859c1b6c6c6e15c2dde7b39bd6080457414349dda6ed3daa9d70ffadf3553f,include in exact union audit
full_bank_duplicate_attempt3,non-authoritative duplicate,dml,stopped,950,1790,0,no,local status only,none,exclude from inventory and science
cui_bank_dml,published-Cui control bank,dml,complete archived and round-trip verified,1918,1918,0,no,aai_research_tlv/tree/atavory/dml_reference_transfer/cui_published_expert_bank_handoff_20260814/,ce14308a2156f2dfb9f6a2e13e04ca5605524c3ea4218cd1a37821a46fc663d9,retain remote archive
cui_bank_dml2,published-Cui control bank,dml2,running,1292,1922,0,no,aai_research_tlv/tree/atavory/dml_reference_transfer/cui_published_expert_bank_handoff_20260814/,1639ee39a1570068e6f0f817ae9120579d4f55cea6e911aa6cb8c831772a1f28,finish and publish archive plus SHA256
devvm_evacuation,restore inventory,shared,in progress,,,0,no,aai_research_tlv/tree/atavory/dml_reference_transfer/devvm50798_evacuation_20260814/,pending,publish final cross-reference and restore instructions
