dataset,bin_by,bin,rep_bins,mean_units,sd_units,mean_responders,sd_responders,mean_response_rate,sd_response_rate,mean_mean_true_pi,sd_mean_true_pi,mean_mean_pi_hat,sd_mean_pi_hat,mean_p_label_rmse,sd_p_label_rmse,mean_p_label_skill,sd_p_label_skill,mean_p_true_rmse,sd_p_true_rmse,mean_p_true_nrmse,sd_p_true_nrmse,mean_p_calibration_error,sd_p_calibration_error,mean_m_observed_rmse,sd_m_observed_rmse,mean_m_observed_skill,sd_m_observed_skill,mean_m_true_rmse,sd_m_true_rmse,mean_m_true_nrmse,sd_m_true_nrmse,mean_m_observed_label_fraction,sd_m_observed_label_fraction
ACIC 2016,pi_hat,1,128,600.0,0.0,174.8046875,14.913845598213218,0.2913411458333333,0.02485640933035536,0.2902154303790877,0.018855577343403235,0.07021213110567141,0.010902368972010157,0.4840297461538948,0.01876199277214095,-0.13854452755773106,0.03654347980860938,0.37840754206787053,0.014034457909542218,1.4007675552645318,0.0664825587129551,-0.22112901472766194,0.019351646311659258,1.2122576009079749,0.06961625270149994,0.2812146197729043,0.08237018651101212,0.7934643474890541,0.14071954340599058,0.7588842033462863,0.11791108068194642,0.2913411458333333,0.02485640933035536
ACIC 2016,pi_hat,2,128,600.0,0.0,431.5078125,14.279025315645454,0.7191796875,0.023798375526075756,0.7207882446907763,0.012110061795285006,0.6425366178244197,0.030004863446730565,0.46477451936167286,0.011055277673195958,-0.0741313565667967,0.03744725265132394,0.22325781116897167,0.0175723428879771,0.8256232256564161,0.05887489002215861,-0.0766430696755803,0.026503501951315133,1.2128937299275593,0.050865448509273783,0.2739941423324319,0.06186227290162337,0.7043613650440357,0.048340293860580676,0.6756631638044766,0.04220113350362025,0.7191796875,0.023798375526075756
ACIC 2016,pi_hat,3,128,600.0,0.0,463.1171875,10.010635823455159,0.7718619791666667,0.016684393039091937,0.7707684281540739,0.004992976643784991,0.8986715363509332,0.011479414252372998,0.43902921172598947,0.014182078016859872,-0.09685759751551745,0.01939362774933085,0.16992586680910882,0.013214518060474235,0.62900501169532,0.05222526940568781,0.12680955718426654,0.015196312234411613,1.2203596763049103,0.04923818370147203,0.24485451079394197,0.0665981242414138,0.7043311215794277,0.04158762187803265,0.6760233447165869,0.04138165649178827,0.7718619791666667,0.016684393039091937
ACIC 2016,pi_hat,4,128,600.0,0.0,473.03125,11.110902233279708,0.7883854166666666,0.018518170388799517,0.7886533652928209,0.004230100940990892,0.9612039481289685,0.004443906976661264,0.4430894363131507,0.018472239845661573,-0.17985036612164038,0.023456327808142885,0.19052636486075553,0.007643000799457401,0.7050517363918645,0.03013733040193716,0.1728185314623018,0.016630450643679663,1.2637243695218834,0.047567621588355445,0.19152815591171463,0.06785949476424376,0.7876949619847678,0.03769074739384845,0.7564723586625608,0.04638189299343152,0.7883854166666666,0.018518170388799517
ACIC 2016,pi_hat,5,128,600.0,0.0,486.7578125,10.408639810986053,0.8112630208333333,0.017347733018310083,0.8126056705580001,0.005083935147867104,0.9872876277534912,0.0016616043154208757,0.4285507279566989,0.019360528171875165,-0.2026102283674448,0.02393375200371366,0.18692663419072825,0.006030359289252031,0.6917800886779355,0.025946957448461958,0.17602460692015787,0.016408921593420327,1.2749728469890758,0.05320086265357785,0.2095690847070048,0.0756710215759636,0.8031457101652004,0.036066420041115634,0.7712805291708502,0.04467871267705095,0.8112630208333333,0.017347733018310083
ACIC 2016,true_pi,1,128,600.0,0.0,123.40625,13.34016345242816,0.20567708333333334,0.022233605754046933,0.20623742709852114,0.01868197565340765,0.2617197413124953,0.02571718741562737,0.38146848080810797,0.02267183710419081,0.10141868452782421,0.09999962232559573,0.23934377734713685,0.01708503725509216,0.8860160609219873,0.06880217645778175,0.05604265797916198,0.011265884729157887,1.28170883696851,0.10025758630103117,0.3112598774097691,0.11876438683782725,0.840647528389476,0.14897423585141029,0.8043037744214172,0.12624594669113687,0.20567708333333334,0.022233605754046933
ACIC 2016,true_pi,2,128,600.0,0.0,431.0546875,10.732040662303874,0.7184244791666666,0.017886734437173125,0.7180290746719435,0.0018827615131975994,0.7640414925105172,0.01905041384375717,0.528492378617577,0.017137185517181814,-0.3841430539143398,0.06695220724770647,0.2789066419267635,0.00953199874291722,1.0320997543076726,0.03834880884462589,0.045617013343850585,0.013719663901448378,1.2351858602203485,0.04946894701873405,0.24684023954003445,0.06956723906747825,0.7341054436928585,0.03631737581147462,0.7048097038232399,0.04071993510955563,0.7184244791666666,0.017886734437173125
ACIC 2016,true_pi,3,128,600.0,0.0,460.9296875,10.715922435905542,0.7682161458333334,0.017859870726509235,0.7687997993039644,0.002309752677707894,0.8051279568462693,0.016703940141911816,0.49152032023183007,0.016527779617001775,-0.36123522974566263,0.0657282492961024,0.2528290673562476,0.009808950743889835,0.9356261739860343,0.03932902841840034,0.03691181101293599,0.01302132735629658,1.239581298250813,0.05127536784508397,0.183781145865012,0.0777883914143283,0.7360284250367318,0.045935458665873743,0.7066093047481854,0.04811556222355036,0.7682161458333334,0.017859870726509235
ACIC 2016,true_pi,4,128,600.0,0.0,490.65625,9.418596548185935,0.8177604166666667,0.01569766091364323,0.8185858256526418,0.0021898116848081527,0.8464838499555601,0.014796236317319883,0.44867786816150573,0.018213899334397772,-0.3554055826111011,0.06273747753649764,0.22846469269047845,0.011907861913994428,0.845497118643425,0.046736461333120025,0.028723433288893527,0.012178775224113342,1.231522109185296,0.05187599428850067,0.1439681542021597,0.06937983528146638,0.724359621871131,0.04142809428039367,0.6953103197118378,0.04231564162828201,0.8177604166666667,0.01569766091364323
ACIC 2016,true_pi,5,128,600.0,0.0,523.171875,7.935392805928072,0.871953125,0.013225654676546792,0.8713790123476881,0.0012022532345220013,0.882538820538642,0.012847516137053887,0.3935943848494796,0.01914653778564872,-0.39337577435167514,0.06762930312721052,0.20475085092491896,0.013836370198643129,0.7576961862353486,0.05242650178888386,0.010585695538641932,0.008670056619735876,1.2487090542804546,0.0482228726673665,0.2000330830063174,0.06096818886665288,0.7573085538134134,0.03162835497253217,0.7270689364007329,0.03682278472338935,0.871953125,0.013225654676546792
ACIC 2017,pi_hat,1,128,600.0,0.0,174.4296875,14.930926165256587,0.2907161458333334,0.02488487694209431,0.2909349242842476,0.019408955891743827,0.06334710719994102,0.010957385875198981,0.48471485855145,0.017973126077640064,-0.1432502004889831,0.033997940622748433,0.3808758365279128,0.01294769006849642,1.4100654646502218,0.06578710727841602,-0.2273690386333923,0.0189114989963799,1.2206066564713436,0.08023087278172945,0.2824314950578475,0.09601833577435723,0.7920167266409214,0.12442264113969037,0.7581302896433724,0.11022982488682029,0.2907161458333334,0.02488487694209431
ACIC 2017,pi_hat,2,128,600.0,0.0,433.4375,12.971573487823287,0.7223958333333333,0.02161928914637214,0.7184303711391504,0.01078325518664251,0.6363637719165611,0.029920229555117313,0.4646653930716045,0.011434598853721228,-0.08045825113312996,0.03766575925173949,0.22728093366792457,0.016701303683119787,0.840613258323196,0.05612057679206222,-0.0860320614167722,0.02847866254670989,1.2093225290230132,0.05002721104702135,0.271928226353918,0.06580148793095697,0.7109399905973357,0.045749292318490745,0.6815628835743076,0.041755195078958716,0.7223958333333333,0.02161928914637214
ACIC 2017,pi_hat,3,128,600.0,0.0,460.8984375,9.649999873502265,0.7681640625,0.016083333122503773,0.7702082890225477,0.004908630894801292,0.900479223941608,0.012007457763590992,0.44297129446670863,0.013558276483858272,-0.10390144205166771,0.019915373968321014,0.17045460068583107,0.015254297929623718,0.6307228170055197,0.05639033712345235,0.13231516144160801,0.015373383376588529,1.2203107282107337,0.04459329972618266,0.2404709976699757,0.06295120512078284,0.7078207863324342,0.044626950141571815,0.6785981857653314,0.04108665618234878,0.7681640625,0.016083333122503773
ACIC 2017,pi_hat,4,128,600.0,0.0,473.65625,11.172257423524576,0.7894270833333333,0.018620429039207628,0.788591814702222,0.003993816064727748,0.9615125770036441,0.0047095828310377095,0.44199747533521455,0.018459139824548536,-0.17838629159191355,0.022255071473772828,0.19070923358586442,0.007910243509418796,0.7057413149078926,0.030830180358120716,0.17208549367031084,0.016064819335392114,1.2761260355745137,0.056169581192855346,0.18004536761638434,0.06867696248630267,0.7913608368787387,0.03606513620907453,0.759173443006602,0.04201253880741338,0.7894270833333333,0.018620429039207628
ACIC 2017,pi_hat,5,128,600.0,0.0,487.4140625,11.475195629970486,0.8123567708333334,0.019125326049950805,0.8144223990416279,0.00539875125660869,0.9872579863139738,0.0018845987376848187,0.42714555156686085,0.02124373940292942,-0.20077494475518973,0.026142172250260137,0.18523830717720613,0.006539715487328816,0.6855196949016404,0.02655523397533144,0.17490121548064053,0.01805404806571037,1.291950359489929,0.04916272452559468,0.21690305163306806,0.08235367572693278,0.8127304459300682,0.03600611167260342,0.7801072125539262,0.04973240735769587,0.8123567708333334,0.019125326049950805
ACIC 2017,true_pi,1,128,600.0,0.0,123.65625,14.658315419498244,0.20609375,0.024430525699163742,0.20635466322592205,0.020337605622287567,0.25334551552224605,0.02754062794428046,0.3807278265138748,0.02035031904076784,0.10518471658055673,0.09246731162701569,0.23747692512524116,0.01658262024819606,0.8791840227744775,0.06752083923103394,0.04725176552224601,0.0123252346092664,1.2809779403619244,0.0991127897363153,0.3225858381639829,0.11670364758202058,0.8377069022756221,0.13544568746429148,0.8021064309596759,0.12189998506612124,0.20609375,0.024430525699163742
ACIC 2017,true_pi,2,128,600.0,0.0,429.921875,10.636471289124744,0.7165364583333333,0.017727452148541243,0.7175178547647412,0.0020792105162281936,0.761522639454576,0.018344320075245286,0.531430688894439,0.016020296466209134,-0.3938186673474285,0.06337674682522398,0.28216234948533175,0.00878015738368022,1.0441436071546897,0.034541000690421035,0.04498618112124253,0.013581125094038197,1.2434264479987553,0.060535821002408646,0.23399476450673135,0.0758226258677005,0.7381770925399358,0.03791178575310131,0.7080341046688586,0.040438145975150004,0.7165364583333333,0.017727452148541243
ACIC 2017,true_pi,3,128,600.0,0.0,461.4140625,10.107645113778666,0.7690234375,0.016846075189631115,0.7681531260290757,0.002286919543285971,0.804329090429807,0.016607220639852364,0.4923332405763764,0.017134384564846856,-0.368620702965464,0.06763499178791749,0.253575385050391,0.010750158761535903,0.9384802233431898,0.043904109270585856,0.03530565292980706,0.012317729714499275,1.2385915008313817,0.0539320748408408,0.2069616075094683,0.08707168371169324,0.7430316457159846,0.04575710077780006,0.7126976221983446,0.04759773978703024,0.7690234375,0.016846075189631115
ACIC 2017,true_pi,4,128,600.0,0.0,491.8828125,9.640913057892584,0.8198046874999999,0.016068188429820975,0.8185532530896482,0.0021308063687867306,0.8448092047182884,0.014783776992679392,0.4469080157709464,0.019088040020648334,-0.3569081647906098,0.06827239866170486,0.23108786229414643,0.010505742263970897,0.8551414667513082,0.0401043389070771,0.02500451721828843,0.011601711939112075,1.2454888984464683,0.05206253740112027,0.1507417456798048,0.07318458882132903,0.7377289183935267,0.041350815391722764,0.7075862881959718,0.04314544766798647,0.8198046874999999,0.016068188429820975
ACIC 2017,true_pi,5,128,600.0,0.0,522.9609375,8.26740809571499,0.8716015625,0.013779013492858318,0.8720089010804084,0.001183094037443249,0.8849542162508108,0.014004708287143978,0.39378865323868123,0.02101065727892213,-0.3921196531667427,0.07567844291432053,0.2067585178636706,0.014338594648959637,0.7652011870589236,0.05490172555404022,0.013352653750810836,0.00907894441882115,1.2566705468489228,0.05232054336388393,0.18657087376602643,0.06909793572875017,0.758178681389253,0.03552833563295029,0.7273031002569561,0.04027613889916673,0.8716015625,0.013779013492858318
IHDP,pi_hat,1,128,600.0,0.0,159.3671875,17.65196124627073,0.2656119791666667,0.02941993541045122,0.26466789404602326,0.023448668433566976,0.09280687341366066,0.015106134225527895,0.4407893790440958,0.019491921360566808,-0.001836741543648237,0.04106942303848599,0.328827807258641,0.014547293723049085,1.2092322479268338,0.06641530537254273,-0.17280510575300603,0.020718828027586015,1.181298384098133,0.07378976662238017,-0.14419464983689417,0.11259050449117569,0.6648388549096826,0.1755258251200596,1.3942352058660563,0.2966203581141011,0.2656119791666667,0.02941993541045122
IHDP,pi_hat,2,128,600.0,0.0,447.8828125,12.929267364775304,0.7464713541666667,0.021548778941292174,0.7452181673787981,0.011342260670542774,0.5601149657981781,0.019970395150962827,0.4762257006184888,0.009444309038044064,-0.20432325387842767,0.06173120916297931,0.24599717789160502,0.016812917031461674,0.9036470529525664,0.05395516607005359,-0.18635638836848858,0.022818201438506904,1.2701720915997945,0.05565267397390224,-0.3723616842058095,0.1299433403287003,0.7850904476816222,0.04146172460832113,1.6808998824450012,0.28561579548391214,0.7464713541666667,0.021548778941292174
IHDP,pi_hat,3,128,600.0,0.0,465.859375,11.016843904193932,0.7764322916666666,0.01836140650698989,0.775344515192136,0.007164082845715461,0.8159963188227266,0.016610852993857093,0.42525426422986423,0.01424319445119023,-0.04458248243985164,0.017286377357754807,0.13158196299172017,0.01889804414996035,0.48389495186056064,0.07153879688650952,0.039564027156059944,0.02224766260465715,1.1900756487244366,0.04663791235302236,-0.18993456151107513,0.1110807455403977,0.6495745079618146,0.03929201829644677,1.392143451559237,0.245702695052524,0.7764322916666666,0.01836140650698989
IHDP,pi_hat,4,128,600.0,0.0,475.34375,11.24822034534797,0.7922395833333333,0.018747033908913285,0.7914526903904155,0.004653664242801595,0.9586569106578826,0.004761292817439994,0.43801707552161223,0.019190107749127546,-0.16878076721255003,0.025755833318810407,0.18134774004502258,0.007807806221816485,0.6666606683645669,0.03156239792223908,0.16641732732454934,0.017789467306479168,1.2332768849711804,0.047867715598482234,-0.2870681983156032,0.11455155513705258,0.7223837050271755,0.036909747166261254,1.549587993369239,0.2772504603869172,0.7922395833333333,0.018747033908913285
IHDP,pi_hat,5,128,600.0,0.0,496.796875,10.745172880618302,0.8279947916666668,0.017908621467697172,0.8285770920604336,0.004227404058107509,0.9868830763385632,0.001620306815026827,0.4087654969903695,0.020916023656192263,-0.17701867011195838,0.023720799405909147,0.16814354975249168,0.005052436284274307,0.6180648749704151,0.020582805249992214,0.15888828467189645,0.017029326387245563,1.1890543674260488,0.04744153627916123,-0.14476186921822032,0.12718215452874068,0.6398573580283826,0.037729451122792454,1.3715174694839014,0.2440117964659921,0.8279947916666668,0.017908621467697172
IHDP,true_pi,1,128,600.0,0.0,124.0234375,15.38285614518948,0.20670572916666666,0.0256380935753158,0.20669140555183202,0.02196390324014194,0.23773798947328809,0.026560314607637085,0.3539478656699181,0.0222969485496515,0.22851789166494435,0.0799248870797916,0.19429528436194984,0.018957500909840816,0.7146628338406795,0.07505235688327054,0.03103226030662142,0.009478312131448252,1.2172031553596705,0.09911435679116724,-0.2738537888873684,0.1691771851195314,0.7043378222956463,0.17170437928267923,1.4805433855031453,0.29710138299343647,0.20670572916666666,0.0256380935753158
IHDP,true_pi,2,128,600.0,0.0,433.1015625,9.708115036328822,0.7218359375000001,0.016180191727214698,0.7212443476318142,0.0022817619120323513,0.7168208817590676,0.018524851281880507,0.516672899722,0.015774142437089866,-0.33215958550147184,0.05804977742342982,0.2580144647048097,0.012881669596915871,0.9483556800997716,0.04810737650470543,-0.005015055740932439,0.01027566060409972,1.2253098208291886,0.05315672295602632,-0.32187809902732,0.1114936784844468,0.7021532747667776,0.04151530786789689,1.5044510412710173,0.2647681505582206,0.7218359375000001,0.016180191727214698
IHDP,true_pi,3,128,600.0,0.0,466.4921875,10.81592871485587,0.7774869791666666,0.018026547858093118,0.7759245472380474,0.0021386618471570433,0.7677616367926263,0.018405420711260365,0.4798611660996145,0.01744848455454631,-0.3356332277575734,0.06559513325447922,0.24089058786570494,0.014359049283186235,0.8854937494852744,0.05471742254579939,-0.009725342374040338,0.01011293514167364,1.213161571658668,0.05792428615210625,-0.2755048470245112,0.12331867626867168,0.6943085766037707,0.04282559394640251,1.4886257402877634,0.2679591013612517,0.7774869791666666,0.018026547858093118
IHDP,true_pi,4,128,600.0,0.0,496.2734375,8.650067597053432,0.8271223958333334,0.014416779328422391,0.8267152685852324,0.0018806651251740733,0.8215965292752057,0.017381798184511184,0.4376577454025237,0.020128133830236785,-0.3436219209564893,0.07421420280918249,0.21746177361291585,0.015834941120856098,0.7993429249012849,0.05923677729488975,-0.005525866558127745,0.009784669748428012,1.2140746762847883,0.05220314656249797,-0.24707222142612817,0.13924210171774418,0.6849063095765152,0.039016874428787256,1.4678723950360055,0.2588158758563932,0.8271223958333334,0.014416779328422391
IHDP,true_pi,5,128,600.0,0.0,525.359375,7.010855840008052,0.8755989583333333,0.011684759733346749,0.8746847900608803,0.0010100229691595462,0.8705411077308236,0.012257692791355244,0.3828053196203268,0.017799250349290963,-0.35049173664500244,0.07243442476853582,0.19308740227286303,0.012178414871319897,0.7096814931162407,0.044806605146000655,-0.005057850602509765,0.006819741894810175,1.216089751794863,0.049879850025869255,-0.18895864710704324,0.13825816735029334,0.6872454877155041,0.0360255493472266,1.4724088013754872,0.25459321385113537,0.8755989583333333,0.011684759733346749
Kang-Schafer,pi_hat,1,256,120.0,80.0,33.70703125,22.821747042273593,0.28619140624999995,0.06778186580788007,0.28421791572727995,0.03236603888617866,0.027845631045009325,0.01084288095255822,0.5154946403504892,0.05977734372067,-0.3328977651792644,0.1336137056395898,0.29652196912595563,0.03323453361749574,1.2987684613278738,0.15813880729952315,-0.2583457752049907,0.06412449552427206,16.505220444331115,6.138599658160427,0.6756075355221305,0.3041189399755781,18.69349699980588,5.430789049624941,0.5187070722854508,0.1511412750577737,0.28619140624999995,0.06778186580788007
Kang-Schafer,pi_hat,2,256,120.0,80.0,48.703125,33.16433027718749,0.40421875000000007,0.06715169831015073,0.40469953181016227,0.03016128521024426,0.17450543446142547,0.05012408550394741,0.5412911012810417,0.038312397818457015,-0.24257746416733345,0.1314657884767924,0.29571247254102995,0.03973127578292379,1.294163376299457,0.17629629863563737,-0.22971331553857452,0.06612225711277574,13.837474953416905,4.5025055104198906,0.7778545629114304,0.18319116016761045,14.932064002735856,4.588603585332073,0.41476406205244476,0.1294808964661083,0.40421875000000007,0.06715169831015073
Kang-Schafer,pi_hat,3,256,120.0,80.0,59.94140625,40.48871954659052,0.49869140625,0.06049072181870093,0.5005234293015539,0.02688606073315307,0.5021504825573356,0.0799364441554503,0.5094169115378816,0.017347594505458423,-0.05507658787657431,0.07371106556018703,0.21456191540872105,0.03123247249110992,0.9388963734315627,0.13750316534296103,0.0034590763073356363,0.07548575810285262,13.026701834788966,4.07727756365543,0.8156025088873897,0.13351917365084917,13.447298140724888,4.031433111678028,0.3732986194771508,0.11264240252703119,0.49869140625,0.06049072181870093
Kang-Schafer,pi_hat,4,256,120.0,80.0,71.16015625,47.36817371638457,0.59767578125,0.06599870056260311,0.5948701914287234,0.028548262697346855,0.8278639931068756,0.04975115064480699,0.5409556500665865,0.03816097407066504,-0.24163720107106318,0.11564372104731807,0.2967347835289114,0.03713825845187565,1.2990515596894392,0.16916419591509738,0.23018821185687557,0.061483043215209324,12.530140486643656,3.7372504987745954,0.829463707689542,0.11647954652838506,12.519542477914424,3.675018962844631,0.34763172489773575,0.10325470786806895,0.59767578125,0.06599870056260311
Kang-Schafer,pi_hat,5,256,120.0,80.0,86.875,59.41557823921265,0.7125781250000001,0.07747853627931012,0.7176411202566644,0.032140672827311374,0.9725985495792703,0.010063039407258863,0.5156595977682559,0.06829719272900694,-0.3403439090202409,0.1550211751831337,0.29557016666225927,0.034164954522859454,1.2950618356730914,0.16691276137371328,0.2600204245792702,0.07331884157790826,12.3439097641813,3.412244303189569,0.8156882475302454,0.12537617309715532,12.098491998031507,3.19611816857009,0.3359770179752437,0.09042331724023767,0.7125781250000001,0.07747853627931012
Kang-Schafer,true_pi,1,256,120.0,80.0,22.32421875,15.609253295790559,0.18630859375,0.05283141751029837,0.18043106356698252,0.01395912804626381,0.167240237083935,0.05405468568584318,0.4415055946746178,0.06087746906722172,-0.3448266805997481,0.2560869105724723,0.2278458738778333,0.04260079218135505,0.998477203725249,0.1960147158522685,-0.019068356666064976,0.03776129567206012,17.72917606378133,7.277822817414162,-5.840305464214709,99.75352662744648,19.742891744507915,5.863574444466829,0.5477803436514019,0.16306551916889747,0.18630859375,0.05283141751029837
Kang-Schafer,true_pi,2,256,120.0,80.0,42.328125,28.989386359224216,0.34968750000000004,0.058353884028828795,0.3544613587756661,0.015880733944985438,0.32870185872463,0.05726110127677306,0.5657125667036171,0.04273767377347104,-0.4392939844769779,0.19357208322610803,0.30612493838442756,0.027222835700304156,1.340501296588896,0.13198607336733303,-0.020985641275370028,0.056100203238734415,13.62344673434425,4.37851401457119,0.7277341016022285,0.21477925434045972,13.708152086031404,4.009166394134148,0.38045586484112043,0.11176983426339007,0.34968750000000004,0.058353884028828795
Kang-Schafer,true_pi,3,256,120.0,80.0,60.0546875,40.68655117821298,0.4979296875,0.06286930684883,0.5004981471992295,0.018206823826514496,0.5035888235991177,0.06849203340963278,0.5946369593971897,0.035578046816634686,-0.44286949403735476,0.17344870962195771,0.32837429622512343,0.025045022970368643,1.437359546001139,0.1182636532808871,0.005659136099117746,0.06496966212898538,12.600369639308013,3.792099822341197,0.768562217131366,0.16286284004446971,12.502204645874848,3.3710738568920475,0.3473728974324644,0.09596938266056693,0.4979296875,0.06286930684883
Kang-Schafer,true_pi,4,256,120.0,80.0,77.5078125,51.89675689737118,0.6466796874999999,0.06479166535830318,0.6461551875932067,0.016857708117161974,0.6695400048779174,0.057277160551508555,0.5599408398143618,0.05002279452734938,-0.4093688583290044,0.21295061317948363,0.30439305529359795,0.02910579548353843,1.3323209914211507,0.1329430767383863,0.022860317377917452,0.05044805601804446,12.019971725141074,3.6762769451149677,0.7995008347481712,0.13304791961479526,11.984448688176538,3.5769129658843704,0.3327985454686895,0.10042068899107774,0.6466796874999999,0.06479166535830318
Kang-Schafer,true_pi,5,256,120.0,80.0,98.171875,65.51664976541745,0.81875,0.04828099716762278,0.8204064313892993,0.012842277270477286,0.8358931664643159,0.05422026497310199,0.4393738670987722,0.061662624676859956,-0.3446591989522846,0.21506933278283286,0.22567350656436527,0.04423135179799692,0.988465124738613,0.1995719589663647,0.017143166464315983,0.03697757405383544,13.48963302216944,3.895668383590367,0.7775884181770147,0.13938287294233395,13.399428192104171,3.884894516997805,0.37222096022563955,0.11019611593192709,0.81875,0.04828099716762278
Twins,pi_hat,1,128,600.0,0.0,47.328125,11.145423230383626,0.07888020833333334,0.01857570538397271,0.07866567567804332,0.0128868113666952,0.02390104358327471,0.006986892469873449,0.26798845347943656,0.028422202513424588,-0.005689984749800964,0.021565518374718123,0.13700998007747037,0.024687938021677285,0.4451698368068701,0.08437512762145793,-0.05497916475005862,0.012802698059991457,1.4094668211229782,0.19043452113892556,0.0953618754532633,0.32169961666168767,0.9891211843887988,0.09930167338684144,0.9558996753458937,0.09032898279186043,0.07888020833333334,0.01857570538397271
Twins,pi_hat,2,128,600.0,0.0,417.2578125,15.836195730504336,0.6954296875,0.026393659550840564,0.6948029129143598,0.01821275982393894,0.5155123925101361,0.029657877929250846,0.49179288450068953,0.009549590634075312,-0.1481217402431126,0.05926623596088395,0.2769530575161047,0.016869208283230595,0.8980341376280748,0.04992880092010011,-0.1799172949898639,0.022727698122038176,1.3257612078476702,0.051013214094462335,0.14765971102938358,0.11048141067811748,0.8849766989375065,0.04184640118319434,0.8568436245015414,0.06069559692250604,0.6954296875,0.026393659550840564
Twins,pi_hat,3,128,600.0,0.0,466.34375,11.303648125162956,0.7772395833333334,0.018839413541938257,0.777330099859544,0.004006067381760989,0.8225252640107646,0.012579202839257723,0.4204260053430928,0.01405297705167187,-0.023779773797956254,0.011784594560572067,0.10038816195591269,0.01074603088095022,0.32566254778278503,0.03536309601117159,0.04528568067743133,0.018769165674042156,1.3072012712762189,0.049266546934317854,0.1200358433514073,0.09302768434588474,0.8557007601050917,0.039329258815901484,0.8283564944044437,0.05595622845733408,0.7772395833333334,0.018839413541938257
Twins,pi_hat,4,128,600.0,0.0,478.421875,10.72934743982014,0.7973697916666667,0.017882245733033566,0.795675937532851,0.0035900608919510967,0.9267587303098601,0.006720627120082763,0.4220469235348963,0.017383034853669675,-0.10544577450309006,0.018900580697000017,0.14866272538237174,0.00761654978041787,0.4822544518727293,0.025697238246287796,0.1293889386431935,0.01536204648406636,1.3210014655944218,0.050907970363397864,0.12741673949386106,0.09099790520892952,0.8586727767175073,0.03994503188959863,0.8309893998521063,0.05283046794108237,0.7973697916666667,0.017882245733033566
Twins,pi_hat,5,128,600.0,0.0,492.15625,11.119687987416734,0.8202604166666666,0.01853281331236122,0.8218374337725138,0.004465389987704615,0.9794823934075734,0.0026317411755069717,0.4149478323313186,0.020992996475198433,-0.1716655733957233,0.024594030755493143,0.1689377501890121,0.005529816860030574,0.548007092998607,0.019255909402285463,0.15922197674090663,0.017515186055728472,1.3374401548282004,0.05325934561788245,0.15969008143387037,0.10821261807875009,0.8842120591024888,0.048259806943423154,0.8559281836721515,0.0626543604994395,0.8202604166666666,0.01853281331236122
Twins,true_pi,1,128,600.0,0.0,30.4453125,5.361623753802923,0.0507421875,0.008936039589671539,0.050501231811532,0.0033830653613950617,0.05283516869698482,0.010108226618782051,0.24846852523023438,0.020440161455069134,-0.2965337096217251,0.09580408341972484,0.11906152849677482,0.016819681795644793,0.3863615065433411,0.0559227983476994,0.0020929811969848207,0.006475745916425895,1.3924724250657845,0.2190958776020112,-0.16333639885838164,0.353410464108259,0.9878058197452019,0.09987610695273569,0.9546012748508983,0.09040191684573624,0.0507421875,0.008936039589671539
Twins,true_pi,2,128,600.0,0.0,398.6875,18.631605372323662,0.6644791666666667,0.031052675620539445,0.6661354797550635,0.0238312981531805,0.6873255327743846,0.033006976272251,0.4998854530337382,0.017314270717967588,-0.1289462883511847,0.08694685412490684,0.22962415247564752,0.010084238806062497,0.7449258321211968,0.03534286064704659,0.02284636610771784,0.010237407035606707,1.339371854261531,0.058477318927732384,0.11370028080786435,0.09960428968591346,0.9050323708391124,0.04502356478617273,0.8758526332537897,0.05776731415670702,0.6644791666666667,0.031052675620539445
Twins,true_pi,3,128,600.0,0.0,457.9375,10.107044263779594,0.7632291666666666,0.016845073772965985,0.7621647510410097,0.0022435653652208183,0.7900094259994876,0.016645883705727213,0.4688431061051171,0.014344697543067756,-0.21930720188936761,0.04143626686964409,0.19826326595313207,0.009316950724495598,0.6430953657023131,0.03049747602843718,0.02678025933282091,0.009057560424352455,1.3131272222153831,0.051909981278530914,0.1352592534243916,0.09037681834177838,0.8574125863258235,0.042612628508603916,0.8301046584150424,0.059025092532750796,0.7632291666666666,0.016845073772965985
Twins,true_pi,4,128,600.0,0.0,490.2421875,9.522790174882767,0.8170703125000001,0.01587131695813794,0.8170814942321059,0.0022132424339951847,0.8435961050134233,0.015495594321342116,0.42131189063405583,0.016767936100882078,-0.19107053226787324,0.04047942956592017,0.16919438047697957,0.009695917407683082,0.54877222595904,0.03100350024724933,0.026525792513423498,0.008166206631044002,1.3169632226611812,0.056550041548713445,0.156993675034755,0.09157204181387917,0.8494163693789127,0.0424166150500685,0.8222583374891205,0.057669478326208605,0.8170703125000001,0.01587131695813794
Twins,true_pi,5,128,600.0,0.0,524.1953125,6.627427142364052,0.8736588541666667,0.01104571190394009,0.8724291029176012,0.0012087823722122177,0.8944135913373286,0.01119901698101873,0.36361505427404506,0.014855923601448648,-0.20134945010072824,0.045050619516843866,0.14760216204870807,0.01007210547603969,0.4787693303974858,0.03274566902968099,0.020754737170661883,0.0071028133020387355,1.3281136215429452,0.05434966410926215,0.15590085549840657,0.1024207729353791,0.8722799414495466,0.04475953919328677,0.8445338987783946,0.06185758955490638,0.8736588541666667,0.01104571190394009
