dataset,design,setting,n,strength,bin_by,low_mean_true_pi,high_mean_true_pi,low_response_rate,high_response_rate,low_p_true_nrmse,high_p_true_nrmse,low_m_true_nrmse,high_m_true_nrmse,low_high_ratio_p_true_nrmse,low_high_ratio_m_true_nrmse,low_response_excess_p_true_nrmse,low_response_excess_m_true_nrmse,low_response_excess_gap_m_minus_p,slope_p_true_nrmse_vs_true_pi,slope_m_true_nrmse_vs_true_pi,slope_gap_m_minus_p,slope_p_label_skill_vs_true_pi,slope_m_observed_skill_vs_true_pi
ACIC 2016,acic2016_misaligned,off-response outcome shift; strength=0,3000,0.0,pi_hat,0.292238602092446,0.8116780160817192,0.29328125,0.8064583333333334,1.4080779801983958,0.696087238412502,0.686004488942056,0.8055129937826798,2.0228469974678194,0.8516367758645168,0.7119907417858938,-0.11950850484062381,-0.8314992466265176,-1.447499190159641,0.14206981105605962,1.5895690012157007,-0.03148116882267025,-0.16325473405373164
ACIC 2016,acic2016_misaligned,off-response outcome shift; strength=0,3000,0.0,true_pi,0.20691587397156844,0.8709910489568147,0.20604166666666668,0.8708333333333333,0.8880212223486212,0.7473152498456181,0.7312519929712507,0.7461454986031134,1.188281949996431,0.9800394083194961,0.1407059725030031,-0.014893505631862758,-0.15559947813486585,-0.07537322647280635,0.0009525404942416988,0.07632576696704806,-0.7634215777103174,-0.20274318045452783
ACIC 2016,acic2016_misaligned,off-response outcome shift; strength=3,3000,3.0,pi_hat,0.2877894020559953,0.8127728168610706,0.2914583333333333,0.8126562500000001,1.3892342726437572,0.6897504976649524,0.6910633251242482,0.7416742058257193,2.014111301618198,0.9317613039472971,0.6994837749788048,-0.05061088070147113,-0.7500946556802759,-1.391801546003031,0.0392115620728172,1.4310131080758484,-0.04277211873253261,-0.12299753909663437
ACIC 2016,acic2016_misaligned,off-response outcome shift; strength=3,3000,3.0,true_pi,0.203104290555787,0.8713028893720058,0.20124999999999998,0.8707291666666667,0.8921676792556741,0.7648120544374073,0.7218037942632636,0.7050075885789673,1.1665188513692415,1.0238241487842012,0.1273556248182668,0.016796205684296295,-0.1105594191339705,-0.0801341445479959,-0.042180337414525114,0.03795380713347079,-0.7609438235723617,-0.280221152143116
ACIC 2016,acic2016_semisynth,low-response outcome shift; strength=0,3000,0.0,pi_hat,0.2901113659046727,0.8126378137367216,0.29229166666666667,0.8167708333333333,1.4068510253567859,0.6914790154863322,0.7061784553343013,0.796075446305036,2.0345534627212323,0.8870747849491034,0.7153720098704537,-0.08989699097073467,-0.8052690008411884,-1.440122883317934,0.10206606822677855,1.5421889515447127,-0.015437701278449626,-0.0712427468075871
ACIC 2016,acic2016_semisynth,low-response outcome shift; strength=0,3000,0.0,true_pi,0.20710624294851765,0.8715005903717976,0.20802083333333332,0.8725520833333333,0.8732928768723304,0.7608345939378898,0.7544854841551021,0.7471038469527795,1.1478091083534787,1.0098803362242479,0.1124582829344406,0.007381637202322544,-0.10507664573211806,-0.04146214554161648,-0.03445684788357467,0.007005297658041809,-0.8036016473539394,-0.2147353450214915
ACIC 2016,acic2016_semisynth,low-response outcome shift; strength=3,3000,3.0,pi_hat,0.2907223514632368,0.8133340355524892,0.28833333333333333,0.8091666666666667,1.3989069428591874,0.6898036031479561,0.9522905439845395,0.741859470769966,2.0279785963355366,1.2836535509834093,0.7091033397112313,0.21043107321457355,-0.49867226649665775,-1.4218384527440973,-0.49335772804785455,0.9284807246962428,-0.047825983968622,-0.13516142619163962
ACIC 2016,acic2016_semisynth,low-response outcome shift; strength=3,3000,3.0,true_pi,0.2078233009182115,0.871721520690134,0.20739583333333333,0.8736979166666666,0.8905824652113233,0.7578228467204792,1.0096738262960523,0.710018811468071,1.1751855582942226,1.4220381347480067,0.13275961849084417,0.2996550148279813,0.16689539633713713,-0.08097960665955463,-0.5281284439146403,-0.4471488372550857,-0.766514737697998,-0.12823132803811355
ACIC 2017,acic2017_misaligned,off-response outcome shift; strength=0,3000,0.0,pi_hat,0.29013206103265926,0.8158018284857819,0.2924479166666667,0.8134895833333333,1.4081180539695248,0.68102165226301,0.7087266669433055,0.8144076338904418,2.067655337081281,0.8702357854354875,0.7270964017065148,-0.10568096694713625,-0.832777368653651,-1.4367772642869643,0.11073051654850155,1.5475077808354658,-0.0209377046223724,-0.16944906367032664
ACIC 2017,acic2017_misaligned,off-response outcome shift; strength=0,3000,0.0,true_pi,0.206053209020998,0.8721144385363397,0.20656249999999998,0.8760416666666666,0.8829215393821048,0.751319666076489,0.745043095910142,0.7530223383285239,1.1751609591066101,0.9894037108698616,0.1316018733056158,-0.007979242418381993,-0.13958111572399778,-0.060684898009872895,-0.0055009063443780095,0.05518399166549488,-0.7864027913176558,-0.29262984072569304
ACIC 2017,acic2017_misaligned,off-response outcome shift; strength=3,3000,3.0,pi_hat,0.29666857287792503,0.8135994651228111,0.2997916666666667,0.8118229166666666,1.4256326842806506,0.6923170776449221,0.6864319418996024,0.7471360830936243,2.0592192946189805,0.9187508908113932,0.7333156066357285,-0.0607041411940219,-0.7940197478297504,-1.4926803971069371,0.05460198428506152,1.5472823813919987,-0.027490876260219954,-0.15178019937203607
ACIC 2017,acic2017_misaligned,off-response outcome shift; strength=3,3000,3.0,true_pi,0.2136289980193321,0.8720890128622347,0.21661458333333333,0.8711979166666667,0.8847052914259248,0.7652855911908248,0.715822180577179,0.7017172420207933,1.1560459279643258,1.0201006013700995,0.11941970023509996,0.014104938556385616,-0.10531476167871434,-0.05494670822053259,-0.03387815771714527,0.021068550503387316,-0.826845489612739,-0.28319892572719363
ACIC 2017,acic2017_semisynth,low-response outcome shift; strength=0,3000,0.0,pi_hat,0.2881003824529289,0.8135195471098715,0.28651041666666666,0.8094791666666666,1.403791230990985,0.6862925672565203,0.7097528018072862,0.8119968682046586,2.045470544148091,0.8740831764247613,0.7174986637344647,-0.10224406639737238,-0.8197427301318371,-1.4286486948443677,0.10091841309615367,1.5295671079405213,-0.02205096248478895,-0.11130112131146613
ACIC 2017,acic2017_semisynth,low-response outcome shift; strength=0,3000,0.0,true_pi,0.200969834403572,0.8717098411107238,0.20244791666666667,0.8704166666666666,0.8667197089487529,0.7732111936387283,0.7576420792817129,0.7468069892705933,1.1209352840198472,1.0145085546423478,0.09350851531002469,0.010835090011119597,-0.08267342529890509,-0.018291402959044585,-0.034289950970684005,-0.01599854801163942,-0.7867028208579566,-0.1723309114549829
ACIC 2017,acic2017_semisynth,low-response outcome shift; strength=3,3000,3.0,pi_hat,0.28883868077347746,0.8147687554480475,0.28411458333333334,0.8146354166666666,1.4027198893597266,0.6824474824421093,0.9276097479232948,0.7468882650269804,2.0554253996807974,1.2419658888197769,0.7202724069176173,0.1807214828963144,-0.5395509240213029,-1.4239899528101698,-0.42190922666071473,1.002080726149455,-0.045865175867885424,-0.08942441001342223
ACIC 2017,acic2017_semisynth,low-response outcome shift; strength=3,3000,3.0,true_pi,0.20476661145978617,0.8721223118123353,0.19875,0.86875,0.8823895513411274,0.7709882973296524,0.9899183680696702,0.7076658314079134,1.1444914979868275,1.3988500279859641,0.11140125401147505,0.28225253666175676,0.1708512826502817,-0.052938436130786096,-0.4792811072176157,-0.4263426710868296,-0.733029482024759,-0.15432219634873448
IHDP,ihdp_misaligned,off-response outcome shift; strength=0,3000,0.0,pi_hat,0.268716013181412,0.828787106233244,0.27265625000000004,0.8321875000000001,1.220213153189008,0.6216007813532843,1.398701407107235,1.5899880783961444,1.9630174056932284,0.8796930153829428,0.5986123718357236,-0.19128667128890942,-0.789899043124633,-1.089679211223555,0.585297074744641,1.6749762859681958,-0.2692600632366076,-0.2606706138745032
IHDP,ihdp_misaligned,off-response outcome shift; strength=0,3000,0.0,true_pi,0.21113418509830206,0.8745918063002682,0.21213541666666666,0.8763541666666668,0.717585338577803,0.7199841279110989,1.5145779954713077,1.6942839698878989,0.9966682747017556,0.8939339699776058,-0.0023987893332958476,-0.1797059744165912,-0.17730718508329535,0.1312920467410696,0.3116614774094897,0.1803694306684201,-0.9299113325267152,0.05113782023179338
IHDP,ihdp_misaligned,off-response outcome shift; strength=3,3000,3.0,pi_hat,0.2692108676831993,0.8287779239276141,0.26906250000000004,0.8246354166666666,1.2213365085474948,0.6171039857047126,1.0305015085976246,1.1250013531171958,1.9791421491999737,0.9160002392372885,0.6042325228427822,-0.09449984451957127,-0.6987323673623534,-1.1011773408216408,0.33260708775596654,1.4337844285776074,-0.27480263461257015,-0.011457773603681186
IHDP,ihdp_misaligned,off-response outcome shift; strength=3,3000,3.0,true_pi,0.20841811745978556,0.8747243911974978,0.20817708333333335,0.8748958333333333,0.7296403347355871,0.7080843880298817,1.091642377044833,1.2163891101306852,1.0304426238879252,0.8974450428346487,0.021555946705705376,-0.12474673308585227,-0.14630267979155764,0.10334217182408474,0.19866896422191097,0.09532679239782622,-0.9206454656186149,0.21324107936881634
IHDP,ihdp_semisynth,low-response outcome shift; strength=0,3000,0.0,pi_hat,0.2554452929512958,0.8284914292895442,0.25406249999999997,0.8269791666666667,1.180255844705197,0.6143791070923057,1.3708732099022176,1.5869180828461125,1.9210546567754179,0.8638588372775854,0.5658767376128913,-0.21604487294389485,-0.7819216105567861,-1.0039595228218836,0.6049980646252935,1.608957587447177,-0.2953618037920122,-0.13063252441551215
IHDP,ihdp_semisynth,low-response outcome shift; strength=0,3000,0.0,true_pi,0.19923336126005364,0.874658974251564,0.19776041666666666,0.8756770833333334,0.6921092764929042,0.7029207350586297,1.481666515244979,1.7073656355429767,0.9846192351050453,0.8678085609786678,-0.010811458565725518,-0.22569912029799766,-0.21488766173227214,0.14850281556911127,0.35605605694352055,0.20755324137440928,-0.9031930896108397,0.025544737132349473
IHDP,ihdp_semisynth,low-response outcome shift; strength=3,3000,3.0,pi_hat,0.2652994023681859,0.8282519087913316,0.26666666666666666,0.8281770833333333,1.2151234852656358,0.6191756257313574,1.776864697857149,1.1841623635761533,1.962485980985374,1.5005245501056486,0.5959478595342784,0.5927023342809956,-0.0032455252532828105,-1.0750035200329429,-0.9457964245119937,0.1292070955209491,-0.2730653193075087,-0.22902543748089108
IHDP,ihdp_semisynth,low-response outcome shift; strength=3,3000,3.0,true_pi,0.2079799583891868,0.8747639884941913,0.20875,0.87546875,0.719316385556424,0.7077367214653524,1.8342866542514618,1.2715964899403884,1.016361541996996,1.442506855565048,0.011579664091071584,0.5626901643110733,0.5511105002200017,0.1189555097572656,-0.8924458058601231,-1.0114013156173887,-0.9363099715961721,-0.04133186195289742
Kang-Schafer,kang_schafer_cc,"outcome correct, response correct; n=1000",1000,0.0,pi_hat,0.2657035590616784,0.7328828919414312,0.27203125,0.739375,1.199594740486833,1.2098631333708774,0.4081877210082364,0.26396597866416793,0.9915127648733002,1.546364887906844,-0.010268392884044353,0.14422174234406848,0.15449013522811283,0.03565144465859123,-0.3062901930380666,-0.3419416376966578,0.025674292038139156,0.11649871375270314
Kang-Schafer,kang_schafer_cc,"outcome correct, response correct; n=1000",1000,0.0,true_pi,0.17794597951339033,0.8213148478345573,0.18328125,0.8218750000000001,0.9105801728543752,0.911566228570693,0.4320186169715737,0.28947958651645966,0.9989182840638317,1.4923975198748922,-0.000986055716317824,0.142539030455114,0.14352508617143184,0.0025085873119013434,-0.20335168223544603,-0.20586026954734737,0.05508801496690794,0.14903804787472918
Kang-Schafer,kang_schafer_cc,"outcome correct, response correct; n=200",200,0.0,pi_hat,0.29670298145984064,0.7142427572180954,0.27890625,0.71796875,1.3727781691109087,1.3325442895162958,0.6291894443624926,0.4350522192106601,1.030193277560191,1.4462389032380218,0.04023387959461289,0.19413722515183246,0.15390334555721957,-0.0937543164060569,-0.44736428970747394,-0.353609973301417,0.011246289173486041,0.3528596057902108
Kang-Schafer,kang_schafer_cc,"outcome correct, response correct; n=200",200,0.0,true_pi,0.181360940360199,0.8243748531546664,0.17656249999999998,0.8335937499999999,1.0622767137484506,1.0363222125911253,0.6849492133263737,0.49118102736496627,1.0250448179552487,1.3944944433235005,0.025954501157325227,0.19376818596140744,0.1678136848040822,-0.050644813713085726,-0.28024723032982174,-0.22960241661673603,-0.03553086864001783,64.74287599072366
Kang-Schafer,kang_schafer_ci,"outcome correct, response incorrect; n=1000",1000,0.0,pi_hat,0.2716245092806178,0.7327280816849939,0.2703125,0.73078125,1.2317880142416993,1.208816396002865,0.41023539000440445,0.2638092772776298,1.0190033973023473,1.555045350329653,0.0229716182388342,0.14642611272677464,0.12345449448794044,-0.06843661747326009,-0.3041639357617392,-0.23572731828847915,-0.0008060132977033833,0.09801075712779299
Kang-Schafer,kang_schafer_ci,"outcome correct, response incorrect; n=1000",1000,0.0,true_pi,0.17998025457541006,0.819645213681659,0.17953124999999998,0.8178125,0.906729580277623,0.9479048631786084,0.4304589949605123,0.29049892018820384,0.9565617980237885,1.4817920654632153,-0.04117528290098549,0.13996007477230848,0.18113535767329397,0.047031718148880755,-0.2040629105017387,-0.25109462865061943,-0.018152348952516335,0.1608484715619725
Kang-Schafer,kang_schafer_ci,"outcome correct, response incorrect; n=200",200,0.0,pi_hat,0.29240769666916777,0.7062781971847463,0.30000000000000004,0.70078125,1.3382462583018928,1.360600149519428,0.6138783498041868,0.4036554901150454,0.9835705653674736,1.5207977219118856,-0.02235389121753517,0.21022285968914134,0.2325767509066765,0.13746565261061247,-0.499418329890714,-0.6368839825013265,-0.05244739071420927,0.44726723019277087
Kang-Schafer,kang_schafer_ci,"outcome correct, response incorrect; n=200",200,0.0,true_pi,0.17938070654843732,0.8215208759567367,0.20234375,0.8343750000000001,1.0751148052568595,1.0098775846459753,0.6541886018164209,0.4672026211486786,1.0645991371654753,1.4002245967884617,0.06523722061088422,0.1869859806677423,0.12174876005685809,-0.07811735815423532,-0.2715747569087012,-0.19345739875446588,0.010757234555086218,0.982057283652515
Kang-Schafer,kang_schafer_ic,"outcome incorrect, response correct; n=1000",1000,0.0,pi_hat,0.2717274329397915,0.7304412388827035,0.2778125,0.72125,1.2288538299678466,1.2138106787374143,0.39457902608719375,0.2570192845382445,1.0123933258241558,1.535211751896696,0.015043151230432317,0.13755974154894923,0.12251659031851692,-0.034994362030085754,-0.2944676764355649,-0.2594733144054791,-0.012990286625629026,0.11042094458687031
Kang-Schafer,kang_schafer_ic,"outcome incorrect, response correct; n=1000",1000,0.0,true_pi,0.1813035374973792,0.820271458649792,0.18375,0.8153125,0.9223307515244928,0.9164312787173157,0.3997028476812984,0.2589403945929378,1.0064374415672874,1.543609479353901,0.005899472807177175,0.1407624530883606,0.13486298028118343,-0.0009331020772927994,-0.21106534524118126,-0.21013224316388845,0.006469562375515729,0.15737117633049022
Kang-Schafer,kang_schafer_ic,"outcome incorrect, response correct; n=200",200,0.0,pi_hat,0.28724816217916405,0.7070554340495216,0.2875,0.66953125,1.327073432510288,1.3513643215879694,0.6572498790496392,0.41617687578810003,0.9820249146069377,1.5792561223038337,-0.0242908890776814,0.24107300326153913,0.26536389233922053,0.010791322058625366,-0.5387861609904943,-0.5495774830491196,-0.1800957435743629,0.595282323689419
Kang-Schafer,kang_schafer_ic,"outcome incorrect, response correct; n=200",200,0.0,true_pi,0.1769897922221188,0.817120469104778,0.18593749999999998,0.8015625,1.0391653550577429,1.0656755228270642,0.6839449644510487,0.46169035528840874,0.9751236026337602,1.4813932251710173,-0.026510167769321358,0.22225460916263995,0.2487647769319613,0.01007945544714333,-0.3248684464837669,-0.33494790193091023,-0.03409212443999652,1.077261523332741
Kang-Schafer,kang_schafer_ii,"outcome incorrect, response incorrect; n=1000",1000,0.0,pi_hat,0.2794761458019441,0.7285612042337335,0.29281250000000003,0.7271875,1.2502035370681037,1.2338776796460942,0.3912975524631699,0.2488522633201732,1.0132313418836558,1.572409056049961,0.016325857422009538,0.14244528914299667,0.12611943172098714,0.010298761085469956,-0.30526265774082817,-0.3155614188262981,0.024785867591979212,0.1459964987798042
Kang-Schafer,kang_schafer_ii,"outcome incorrect, response incorrect; n=1000",1000,0.0,true_pi,0.18086904895092476,0.819352364942632,0.19703125000000002,0.8160937500000001,0.94795118322054,0.9389771764917716,0.3991330827036459,0.26342579953980994,1.0095572149711851,1.5151632201588034,0.008974006728768358,0.13570728316383596,0.1267332764350676,-0.024459321079190074,-0.20341356227664512,-0.17895424119745504,-0.016878825842911664,0.19659688791591373
Kang-Schafer,kang_schafer_ii,"outcome incorrect, response incorrect; n=200",200,0.0,pi_hat,0.3088528384260351,0.6889391568580892,0.31015625,0.69375,1.4416097089354185,1.4496180370037868,0.645039215504283,0.3992847548879285,0.9944755598620167,1.6154867111952047,-0.008008328068368264,0.24575446061635453,0.2537627886847228,-0.026259346111883075,-0.6270190024928329,-0.6007596563809499,0.08267469530838742,0.73385304777215
Kang-Schafer,kang_schafer_ii,"outcome incorrect, response incorrect; n=200",200,0.0,true_pi,0.18561824886800066,0.8196513677895728,0.18203125,0.809375,1.1236690678619081,1.0809661308863499,0.6978464273003417,0.4553489771656515,1.0395044171648038,1.5325529699092133,0.04270293697555827,0.24249745013469026,0.199794513159132,-0.048926413911303014,-0.3426046810256042,-0.2936782671143012,0.17753054697730042,0.8198907876072768
Twins,twins_misaligned,off-response outcome shift; strength=0,3000,0.0,pi_hat,0.07819593674807859,0.8210380756943958,0.08119791666666668,0.8231770833333333,0.4462156318484961,0.5507319429001079,0.9478808762144917,0.8895894331598391,0.8102228999080067,1.0655262314072238,-0.10451631105161174,0.058291443054652614,0.16280775410626436,0.08853768842523604,-0.10663160753745579,-0.19516929596269184,-0.14583666833410713,0.04081723871920961
Twins,twins_misaligned,off-response outcome shift; strength=0,3000,0.0,true_pi,0.05,0.8719716199453361,0.05265625,0.8743749999999999,0.38291797070366584,0.48138964567501674,0.947937654495205,0.8802063722289758,0.7954428894429763,1.0769493205266294,-0.0984716749713509,0.06773128226622915,0.16620295723758005,0.22071878454815633,-0.101276671175606,-0.3219954557237623,0.1041900091384168,0.39477121889294664
Twins,twins_misaligned,off-response outcome shift; strength=3,3000,3.0,pi_hat,0.08143700998084426,0.8232008432324153,0.08208333333333334,0.8267708333333332,0.46477313301854395,0.5437557377981375,0.8816573274337841,0.8262147284159294,0.8547461676461153,1.067104346014447,-0.07898260477959351,0.055442599017854755,0.13442520379744827,0.06753404070965424,-0.09249002345592001,-0.16002406416557424,-0.14268776663991897,-0.040342968310614964
Twins,twins_misaligned,off-response outcome shift; strength=3,3000,3.0,true_pi,0.05,0.8724707580827903,0.052187500000000005,0.8740625,0.39569886913447694,0.4864623263555058,0.8761605131977614,0.8210058675160925,0.8134214053100197,1.0671793562797989,-0.09076345722102885,0.055154645681668946,0.1459181029026978,0.21056738107037115,-0.08545564563913208,-0.2960230267095032,0.15597993995236947,0.241232947958575
Twins,twins_semisynth,low-response outcome shift; strength=0,3000,0.0,pi_hat,0.07783405929520873,0.8217453277647349,0.0759375,0.81734375,0.4343366722329663,0.5479989478976863,0.9438869706914587,0.8789863990697675,0.7925866899913442,1.0738356949440577,-0.11366227566472004,0.06490057162169116,0.1785628472864112,0.10617402237089568,-0.10696638348890428,-0.21314040585979996,-0.15623475657910038,0.06952459448337299
Twins,twins_semisynth,low-response outcome shift; strength=0,3000,0.0,true_pi,0.05167655716354802,0.872452061301306,0.04953125,0.8740104166666667,0.38244163168239254,0.47137327541808816,0.9405826346951534,0.8640901520106794,0.8113349899677341,1.0885237292734804,-0.08893164373569562,0.07649248268447395,0.16542412642016957,0.21632280193227166,-0.10585948005710295,-0.3221822819893746,0.11473086971253409,0.35119158608974765
Twins,twins_semisynth,low-response outcome shift; strength=3,3000,3.0,pi_hat,0.07719569668804167,0.8213654883985098,0.07630208333333333,0.81375,0.43535391012747415,0.5495417433984962,1.0501735270438401,0.8289221740430698,0.7922126305367497,1.2669145064869196,-0.114187833271022,0.22125135300077037,0.33543918627179237,0.10175287948809132,-0.3373273287612076,-0.4390802082492989,-0.1511273231152722,0.17348001585406628
Twins,twins_semisynth,low-response outcome shift; strength=3,3000,3.0,true_pi,0.050328370082579954,0.8728219723409724,0.048593750000000005,0.8721875,0.384387554652829,0.4758520741413324,1.0537242970154739,0.8128332033578303,0.8077879146506828,1.296359809937042,-0.09146451948850343,0.2408910936576436,0.33235561314614703,0.21332519062400507,-0.32371196652046125,-0.5370371571444663,0.13733835548043336,0.6400691381546243
