dataset,setting,bin_by,low_mean_true_pi,high_mean_true_pi,low_response_rate,high_response_rate,low_responders,high_responders,low_p_true_rmse,high_p_true_rmse,low_m_true_rmse,high_m_true_rmse,low_p_true_nrmse,high_p_true_nrmse,low_m_true_nrmse,high_m_true_nrmse,low_p_label_skill,high_p_label_skill,low_m_observed_skill,high_m_observed_skill,low_m_observed_rmse,high_m_observed_rmse
ACIC 2016,low-response outcome shift; strength=0,pi_hat,0.2901113659046727,0.8126378137367216,0.29229166666666667,0.8167708333333333,175.375,490.0625,0.3798956264654304,0.18673495257986383,0.7059562096673788,0.7957719045024374,1.4068510253567859,0.6914790154863322,0.7061784553343013,0.796075446305036,-0.14577296814794852,-0.19548432021621343,0.24226267405484264,0.19584508718578014,1.199307470756573,1.271149950949427
ACIC 2016,low-response outcome shift; strength=0,true_pi,0.20710624294851765,0.8715005903717976,0.20802083333333332,0.8725520833333333,124.8125,523.53125,0.2358031240140986,0.20547432871253182,0.7542903841747026,0.7467220378351108,0.8732928768723304,0.7608345939378898,0.7544854841551021,0.7471038469527795,0.11262003982632955,-0.4091304791646059,0.3072474731591148,0.2059444892525617,1.2658008687599307,1.24188037960772
ACIC 2016,low-response outcome shift; strength=3,pi_hat,0.2907223514632368,0.8133340355524892,0.28833333333333333,0.8091666666666667,173.0,485.5,0.3774637192640323,0.18620988096216795,1.0212689645278188,0.7954180649840422,1.3989069428591874,0.6898036031479561,0.9522905439845395,0.741859470769966,-0.13060775501042649,-0.20622625857999,0.27822679039682224,0.21489809057556666,1.2213456314575466,1.2661740140075242
ACIC 2016,low-response outcome shift; strength=3,true_pi,0.2078233009182115,0.871721520690134,0.20739583333333333,0.8736979166666666,124.4375,524.21875,0.24028869173936496,0.2045451440699083,1.0828841636858337,0.7611640176463982,0.8905824652113233,0.7578228467204792,1.0096738262960523,0.710018811468071,0.10687483662439888,-0.38531001306639345,0.25180881181218095,0.19079261115445784,1.3097066949452802,1.25117482147693
ACIC 2016,off-response outcome shift; strength=0,pi_hat,0.292238602092446,0.8116780160817192,0.29328125,0.8064583333333334,175.96875,483.875,0.3799145435036832,0.18787219115151943,0.683518894225859,0.8025891648858829,1.4080779801983958,0.696087238412502,0.686004488942056,0.8055129937826798,-0.14136518620890584,-0.20835707963168892,0.28834568737862126,0.19010552981340262,1.1759739046007525,1.2684002784064872
ACIC 2016,off-response outcome shift; strength=0,true_pi,0.20691587397156844,0.8709910489568147,0.20604166666666668,0.8708333333333333,123.625,522.5,0.2395919279382188,0.2017019863683546,0.7284796309719934,0.7430778599734589,0.8880212223486212,0.7473152498456181,0.7312519929712507,0.7461454986031134,0.09430140506178467,-0.3859768253745158,0.30028391137143284,0.19856139565184538,1.260688142999014,1.2375777200559108
ACIC 2016,off-response outcome shift; strength=3,pi_hat,0.2877894020559953,0.8127728168610706,0.2914583333333333,0.8126562500000001,174.875,487.59375,0.37635627903833596,0.18688951206936172,0.76311332153516,0.8188037062884387,1.3892342726437572,0.6897504976649524,0.6910633251242482,0.7416742058257193,-0.13643220086364338,-0.20037325504188688,0.31602332726133103,0.2374276312532697,1.2524033968170276,1.294167144592865
ACIC 2016,off-response outcome shift; strength=3,true_pi,0.203104290555787,0.8713028893720058,0.20124999999999998,0.8707291666666667,120.75,522.4375,0.2416913656968651,0.20728194454888108,0.7969359347253743,0.7782702997986863,0.8921676792556741,0.7648120544374073,0.7218037942632636,0.7050075885789673,0.09187845659878376,-0.3930857798011856,0.38569931329634777,0.20483383596640473,1.2906396411698147,1.2642032959812568
ACIC 2017,low-response outcome shift; strength=0,pi_hat,0.2881003824529289,0.8135195471098715,0.28651041666666666,0.8094791666666666,171.90625,485.6875,0.38064164529778255,0.1862061830424443,0.711634787271347,0.813457654064944,1.403791230990985,0.6862925672565203,0.7097528018072862,0.8119968682046586,-0.14640043620394366,-0.20489187001025358,0.2606333471967248,0.21051917571859058,1.2105623553614517,1.2875402411306562
ACIC 2017,low-response outcome shift; strength=0,true_pi,0.200969834403572,0.8717098411107238,0.20244791666666667,0.8704166666666666,121.46875,522.25,0.23509819898697365,0.20967864008916134,0.7596033132063431,0.7484231036654521,0.8667197089487529,0.7732111936387283,0.7576420792817129,0.7468069892705933,0.10740186242470283,-0.39776971166461417,0.2819314842838805,0.1838312225367884,1.2863128907472612,1.2503553451708491
ACIC 2017,low-response outcome shift; strength=3,pi_hat,0.28883868077347746,0.8147687554480475,0.28411458333333334,0.8146354166666666,170.46875,488.78125,0.37939363842280915,0.18461855283238107,0.9840251268890534,0.792383246616946,1.4027198893597266,0.6824474824421093,0.9276097479232948,0.7468882650269804,-0.132656588468121,-0.19623941108340676,0.24310711018857867,0.1987507438365141,1.243532855584825,1.2830604902479958
ACIC 2017,low-response outcome shift; strength=3,true_pi,0.20476661145978617,0.8721223118123353,0.19875,0.86875,119.25,521.25,0.23864959653859028,0.2086239434368661,1.0499793902807883,0.7509220066507984,0.8823895513411274,0.7709882973296524,0.9899183680696702,0.7076658314079134,0.08426453133698167,-0.38023590232668575,0.2571374557764608,0.1687768822725104,1.340054189267173,1.248394774470102
ACIC 2017,off-response outcome shift; strength=0,pi_hat,0.29013206103265926,0.8158018284857819,0.2924479166666667,0.8134895833333333,175.46875,488.09375,0.3805327328294382,0.18412495826158537,0.708584242743798,0.8140561628488312,1.4081180539695248,0.68102165226301,0.7087266669433055,0.8144076338904418,-0.14829955331089992,-0.20071212812111397,0.2857543604827718,0.20301307148423217,1.1934344700654465,1.2882302463213873
ACIC 2017,off-response outcome shift; strength=0,true_pi,0.206053209020998,0.8721144385363397,0.20656249999999998,0.8760416666666666,123.9375,525.625,0.2385585051123557,0.20308551472095615,0.7448114538766466,0.7526623335507114,0.8829215393821048,0.751319666076489,0.745043095910142,0.7530223383285239,0.10718568309503537,-0.39402625979314776,0.3486953106818808,0.17397213372078135,1.2279278206971915,1.2502253388920206
ACIC 2017,off-response outcome shift; strength=3,pi_hat,0.29666857287792503,0.8135994651228111,0.2997916666666667,0.8118229166666666,179.875,487.09375,0.38293532956162124,0.1860035345724137,0.763822749659487,0.8310247201895514,1.4256326842806506,0.6923170776449221,0.6864319418996024,0.7471360830936243,-0.1456442239729678,-0.2012563698059846,0.3402311623633145,0.25532921549293525,1.2348969448736506,1.3089704602596774
ACIC 2017,off-response outcome shift; strength=3,true_pi,0.2136289980193321,0.8720890128622347,0.21661458333333333,0.8711979166666667,129.96875,522.71875,0.2376013998630449,0.20564597320769884,0.7964334517387099,0.7807072816900507,0.8847052914259248,0.7652855911908248,0.715822180577179,0.7017172420207933,0.12188678946550707,-0.3964467388825231,0.4025791019137096,0.21970325653402561,1.2696168607360718,1.2777067288627184
IHDP,low-response outcome shift; strength=0,pi_hat,0.2554452929512958,0.8284914292895442,0.25406249999999997,0.8269791666666667,152.4375,496.1875,0.32284139207448753,0.16813507112392334,0.5558203929357961,0.6435021206605283,1.180255844705197,0.6143791070923057,1.3708732099022176,1.5869180828461125,0.010537359348182462,-0.17793758093711692,-0.19463102544885927,-0.17478720761082922,1.1665197201398492,1.1917593345728341
IHDP,low-response outcome shift; strength=0,true_pi,0.19923336126005364,0.874658974251564,0.19776041666666666,0.8756770833333334,118.65625,525.40625,0.18923157628909693,0.19238646815899227,0.6007220618323514,0.6923419025203958,0.6921092764929042,0.7029207350586297,1.481666515244979,1.7073656355429767,0.23807419599921992,-0.322892250394444,-0.29005452547934024,-0.22375303088517426,1.181610346331269,1.2163425489444295
IHDP,low-response outcome shift; strength=3,pi_hat,0.2652994023681859,0.8282519087913316,0.26666666666666666,0.8281770833333333,160.0,496.90625,0.33019552197095536,0.16828116795013037,0.9547751111432707,0.6357451104058902,1.2151234852656358,0.6191756257313574,1.776864697857149,1.1841623635761533,-0.005215768218938387,-0.17713479691431058,-0.14899737445950084,-0.18900359273196848,1.1966260845193484,1.1785156572872173
IHDP,low-response outcome shift; strength=3,true_pi,0.2079799583891868,0.8747639884941913,0.20875,0.87546875,125.25,525.28125,0.19541710743968682,0.19239806870899478,0.9857856849196878,0.6824069788697598,0.719316385556424,0.7077367214653524,1.8342866542514618,1.2715964899403884,0.2343439510386625,-0.3524543689606488,-0.25694659111093543,-0.23550471165020392,1.2634080645147279,1.2007953065111368
IHDP,off-response outcome shift; strength=0,pi_hat,0.268716013181412,0.828787106233244,0.27265625000000004,0.8321875000000001,163.59375,499.3125,0.3307894476996081,0.16856114112593118,0.5636606422620043,0.6406663062701976,1.220213153189008,0.6216007813532843,1.398701407107235,1.5899880783961444,-0.008658332509788171,-0.17145426569681765,-0.14351184572075748,-0.2138295239212891,1.153350192090367,1.1944762683646795
IHDP,off-response outcome shift; strength=0,true_pi,0.21113418509830206,0.8745918063002682,0.21213541666666666,0.8763541666666668,127.28125,525.8125,0.19456279646922275,0.1952591023890703,0.6104650102951186,0.6826902027704956,0.717585338577803,0.7199841279110989,1.5145779954713077,1.6942839698878989,0.2183105173967806,-0.36935876781214183,-0.31892995714651606,-0.25965231978133907,1.2165582215045447,1.2234817344748974
IHDP,off-response outcome shift; strength=3,pi_hat,0.2692108676831993,0.8287779239276141,0.26906250000000004,0.8246354166666666,161.4375,494.78125,0.3314848672895132,0.1675968188099818,0.5850992732976594,0.6395158947769142,1.2213365085474948,0.6171039857047126,1.0305015085976246,1.1250013531171958,-0.004010224794048851,-0.18154803689958834,-0.08963835371845912,-0.0014271526087944637,1.2086975396429671,1.1914662094794637
IHDP,off-response outcome shift; strength=3,true_pi,0.20841811745978556,0.8747243911974978,0.20817708333333335,0.8748958333333333,124.90625,524.9375,0.19796965724979293,0.19230596983439474,0.6203785321354275,0.691542866701365,0.7296403347355871,0.7080843880298817,1.091642377044833,1.2163891101306852,0.22334290222511433,-0.35726155941277515,-0.2294840818126818,-0.036924526111455774,1.2072359890881401,1.2237394172489884
Kang-Schafer,"outcome correct, response correct; n=1000",pi_hat,0.2657035590616784,0.7328828919414312,0.27203125,0.739375,54.40625,147.875,0.2755344000648121,0.27782427681960087,14.781540641852136,9.55894860477731,1.199594740486833,1.2098631333708774,0.4081877210082364,0.26396597866416793,-0.2903023544525446,-0.27466793079901436,0.8477020710497027,0.9021610528284616,12.492209035134133,9.858173480008777
Kang-Schafer,"outcome correct, response correct; n=1000",true_pi,0.17794597951339033,0.8213148478345573,0.18328125,0.8218750000000001,36.65625,164.375,0.20906647499259284,0.20937138253674517,15.647296693470246,10.48215654396125,0.9105801728543752,0.911566228570693,0.4320186169715737,0.28947958651645966,-0.2890392203370078,-0.2598515490936189,0.7719874979442283,0.8745984498492256,13.650095531170765,10.693390843434681
Kang-Schafer,"outcome correct, response correct; n=200",pi_hat,0.29670298145984064,0.7142427572180954,0.27890625,0.71796875,11.15625,28.71875,0.3147602181719591,0.3048884259624698,22.57511062907106,15.596316589052828,1.3727781691109087,1.3325442895162958,0.6291894443624926,0.4350522192106601,-0.3386726614529949,-0.3529747519779469,0.5213288547183412,0.6826830358399902,20.12391420697763,16.12994550939618
Kang-Schafer,"outcome correct, response correct; n=200",true_pi,0.181360940360199,0.8243748531546664,0.17656249999999998,0.8335937499999999,7.0625,33.34375,0.24335790522480225,0.23736158870974133,24.61975207848591,17.617824298617048,1.0622767137484506,1.0363222125911253,0.6849492133263737,0.49118102736496627,-0.41820711167982766,-0.5001534540913009,-49.625003343298815,0.6071398326339543,21.193754560614753,17.755136357450514
Kang-Schafer,"outcome correct, response incorrect; n=1000",pi_hat,0.2716245092806178,0.7327280816849939,0.2703125,0.73078125,54.0625,146.15625,0.2814156123414136,0.2761207000809149,14.92584978113701,9.598354588905867,1.2317880142416993,1.208816396002865,0.41023539000440445,0.2638092772776298,-0.2843728598243483,-0.2802959989624401,0.8570532554839903,0.9062403602452809,12.432608476417737,9.779086338199663
Kang-Schafer,"outcome correct, response incorrect; n=1000",true_pi,0.17998025457541006,0.819645213681659,0.17953124999999998,0.8178125,35.90625,163.5625,0.2071419637323437,0.21652497835838613,15.666224395610783,10.566846296407794,0.906729580277623,0.9479048631786084,0.4304589949605123,0.29049892018820384,-0.253562028619008,-0.27947810715611565,0.763376799496588,0.8752248164988868,13.914315522096427,10.754830550516044
Kang-Schafer,"outcome correct, response incorrect; n=200",pi_hat,0.29240769666916777,0.7062781971847463,0.30000000000000004,0.70078125,12.0,28.03125,0.30572204439827955,0.3111357615738122,22.23047422931718,14.618182228934346,1.3382462583018928,1.360600149519428,0.6138783498041868,0.4036554901150454,-0.3783805497745931,-0.3969563613628818,0.524229297035365,0.710754390518199,20.894213872469763,14.93932869496282
Kang-Schafer,"outcome correct, response incorrect; n=200",true_pi,0.17938070654843732,0.8215208759567367,0.20234375,0.8343750000000001,8.09375,33.375,0.24554564550348196,0.23076775771736924,23.71010813836702,16.94795553202063,1.0751148052568595,1.0098775846459753,0.6541886018164209,0.4672026211486786,-0.3645325064162514,-0.3597296078466481,-0.028559627026848958,0.6928879012641423,23.716849130990994,16.932615326410325
Kang-Schafer,"outcome incorrect, response correct; n=1000",pi_hat,0.2717274329397915,0.7304412388827035,0.2778125,0.72125,55.5625,144.25,0.2805430370520481,0.27708801119676807,14.215639018876367,9.25002095521057,1.2288538299678466,1.2138106787374143,0.39457902608719375,0.2570192845382445,-0.2964425877571735,-0.2952307245257195,0.862156301747621,0.9104422062031577,11.99322913246133,9.36761358540132
Kang-Schafer,"outcome incorrect, response correct; n=1000",true_pi,0.1813035374973792,0.820271458649792,0.18375,0.8153125,36.75,163.0625,0.21044359145956093,0.20927857630289667,14.401815455784517,9.317855789682573,0.9223307515244928,0.9164312787173157,0.3997028476812984,0.2589403945929378,-0.2943253673616552,-0.2662040491014714,0.8010375039186882,0.9011552543268737,12.251645806588806,9.47773568057297
Kang-Schafer,"outcome incorrect, response correct; n=200",pi_hat,0.28724816217916405,0.7070554340495216,0.2875,0.66953125,11.5,26.78125,0.30260984218869746,0.30787151714352673,23.7446243956418,15.016496413923374,1.327073432510288,1.3513643215879694,0.6572498790496392,0.41617687578810003,-0.35470892354674705,-0.4437554972404999,0.4611779722158196,0.7331186074524685,20.38459395015526,15.390093069187628
Kang-Schafer,"outcome incorrect, response correct; n=200",true_pi,0.1769897922221188,0.817120469104778,0.18593749999999998,0.8015625,7.4375,32.0625,0.23636191036751422,0.2429724815711236,24.67098688976229,16.63350362903042,1.0391653550577429,1.0656755228270642,0.6839449644510487,0.46169035528840874,-0.38015553497570265,-0.4282822212826412,-0.08978338113229796,0.6894346778734864,21.42050757311209,16.56906082545499
Kang-Schafer,"outcome incorrect, response incorrect; n=1000",pi_hat,0.2794761458019441,0.7285612042337335,0.29281250000000003,0.7271875,58.5625,145.4375,0.2849757869439097,0.28124553809803376,14.116183673343894,8.979185628046494,1.2502035370681037,1.2338776796460942,0.3912975524631699,0.2488522633201732,-0.30866674386665083,-0.2879828540807577,0.854769646630331,0.9190335053419719,12.83554076473622,9.053602644667766
Kang-Schafer,"outcome incorrect, response incorrect; n=1000",true_pi,0.18086904895092476,0.819352364942632,0.19703125000000002,0.8160937500000001,39.40625,163.21875,0.21606217008472367,0.21399629752617444,14.401619805564664,9.501794696413159,0.94795118322054,0.9389771764917716,0.3991330827036459,0.26342579953980994,-0.2840097237237219,-0.28780334020855775,0.7647288592809117,0.8987053410193071,13.448546015206762,9.63111854102295
Kang-Schafer,"outcome incorrect, response incorrect; n=200",pi_hat,0.3088528384260351,0.6889391568580892,0.31015625,0.69375,12.40625,27.75,0.32661481184652563,0.32838710242294805,22.958553629207607,14.170430975401274,1.4416097089354185,1.4496180370037868,0.645039215504283,0.3992847548879285,-0.411635440759063,-0.3908871532126668,0.47644288529587286,0.7610728218124332,20.885454116296856,14.233434791626237
Kang-Schafer,"outcome incorrect, response incorrect; n=200",true_pi,0.18561824886800066,0.8196513677895728,0.18203125,0.809375,7.28125,32.375,0.2547873296576469,0.24511498979248564,24.82533049901792,16.12748875070049,1.1236690678619081,1.0809661308863499,0.6978464273003417,0.4553489771656515,-0.4747819516848101,-0.37577126283792317,0.10558092681969015,0.6815610719502412,22.237694370470074,16.10317605249305
Twins,low-response outcome shift; strength=0,pi_hat,0.07783405929520873,0.8217453277647349,0.0759375,0.81734375,45.5625,490.40625,0.13355470115464033,0.16882697200113778,0.9380422983581898,0.8745206559922565,0.4343366722329663,0.5479989478976863,0.9438869706914587,0.8789863990697675,-0.0018400617175397226,-0.1755159276570128,0.08548366424922038,0.15940764958617248,1.3311362212117475,1.3334551844592069
Twins,low-response outcome shift; strength=0,true_pi,0.05167655716354802,0.872452061301306,0.04953125,0.8740104166666667,29.71875,524.40625,0.11779820596079364,0.14526809218538345,0.9347224712321429,0.858937658070825,0.38244163168239254,0.47137327541808816,0.9405826346951534,0.8640901520106794,-0.28750784698922865,-0.2004801534185845,-0.11962801561151629,0.15852909895330375,1.3264595543101625,1.3213439805585216
Twins,low-response outcome shift; strength=3,pi_hat,0.07719569668804167,0.8213654883985098,0.07630208333333333,0.81375,45.78125,488.25,0.13435211991529197,0.16993667412502705,1.1312616339489256,0.8927451805711852,0.43535391012747415,0.5495417433984962,1.0501735270438401,0.8289221740430698,-0.005350800566867233,-0.1801220848964491,-0.0026914787013594538,0.15235817545609331,1.5417854368034756,1.3483643078216614
Twins,low-response outcome shift; strength=3,true_pi,0.050328370082579954,0.8728219723409724,0.048593750000000005,0.8721875,29.15625,523.3125,0.11883064034519233,0.14713692829268527,1.135197688760158,0.8755835345395185,0.384387554652829,0.4758520741413324,1.0537242970154739,0.8128332033578303,-0.30714651304736496,-0.20807768109865377,-0.35408441813515723,0.15326897102350281,1.585444515093976,1.3378857444218553
Twins,off-response outcome shift; strength=0,pi_hat,0.07819593674807859,0.8210380756943958,0.08119791666666668,0.8231770833333333,48.71875,493.90625,0.13727400540080176,0.16959356641380663,0.9361725247086817,0.8787108909964484,0.4462156318484961,0.5507319429001079,0.9478808762144917,0.8895894331598391,-0.008772360556664329,-0.16802108451315295,0.08752708478682573,0.15191264636026514,1.3679235417240423,1.3248746508996436
Twins,off-response outcome shift; strength=0,true_pi,0.05,0.8719716199453361,0.05265625,0.8743749999999999,31.59375,524.625,0.11788414106849968,0.148229853280585,0.9362306583034963,0.8694786720546497,0.38291797070366584,0.48138964567501674,0.947937654495205,0.8802063722289758,-0.28251561332999,-0.20671478538041987,-0.1685283346102599,0.1412264123276961,1.3423357403029077,1.318609702529932
Twins,off-response outcome shift; strength=3,pi_hat,0.08143700998084426,0.8232008432324153,0.08208333333333334,0.8267708333333332,49.25,496.0625,0.14285909383914736,0.167393788216077,0.9510082805393982,0.8908715088500653,0.46477313301854395,0.5437557377981375,0.8816573274337841,0.8262147284159294,-0.006796716158132571,-0.16300319651627831,0.2111282314783665,0.17508185433295062,1.3970220847526473,1.34306647613229
Twins,off-response outcome shift; strength=3,true_pi,0.05,0.8724707580827903,0.052187500000000005,0.8740625,31.3125,524.4375,0.1217331266126136,0.14977377443617862,0.9450724606850102,0.8851199011331928,0.39569886913447694,0.4864623263555058,0.8761605131977614,0.8210058675160925,-0.3089648651203169,-0.190125180505255,-0.01110482707659314,0.1705789396891236,1.3156498905560912,1.334615058661473
