dataset,setting,method,role,low_mean_true_pi,high_mean_true_pi,low_response_rate,high_response_rate,low_outcome_nrmse,high_outcome_nrmse,low_high_outcome_nrmse_ratio,low_mean_selected_p,high_mean_selected_p,low_floor_fraction,high_floor_fraction,mean_selected_tau
ACIC 2016,low-response outcome shift; strength=0,aipw,primary,0.20842777329375825,0.8717020789939597,0.20854166666666668,0.869375,0.7483167765516383,0.7498094393923135,0.9980092770746058,0.5855853003946443,0.8999428912128011,0.0,0.0,0.5
ACIC 2016,low-response outcome shift; strength=0,ctmle,primary,0.20842777329375825,0.8717020789939597,0.20854166666666668,0.869375,0.7472350976421266,0.7500154998049382,0.9962928737292299,0.5855853003946443,0.8999428912128011,0.0,0.0,0.5
ACIC 2016,low-response outcome shift; strength=0,cui_selective_ml,primary,0.20842777329375825,0.8717020789939597,0.20854166666666668,0.869375,0.5276258755658043,0.4655184161637037,1.1334156872115237,0.4137846362701304,0.773942317047052,0.01875,0.0,nan
ACIC 2016,low-response outcome shift; strength=0,ma_dr_bc,primary,0.20842777329375825,0.8717020789939597,0.20854166666666668,0.869375,0.7483167765516383,0.7498094393923135,0.9980092770746058,0.2818556861345035,0.879644026734711,0.504375,0.005000000000000001,0.05
ACIC 2016,low-response outcome shift; strength=0,tmle,diagnostic,0.20842777329375825,0.8717020789939597,0.20854166666666668,0.869375,0.7494954962951708,0.7496866977452246,0.9997449581930307,0.2818556865102922,0.8796440267384362,0.504375,0.005000000000000001,0.05
ACIC 2016,low-response outcome shift; strength=3,aipw,primary,0.21304712581580226,0.8719680049295286,0.210625,0.8763541666666668,1.0171086754837728,0.7146328166171678,1.4232605218137397,0.5840675778749088,0.8980685262878736,0.0,0.0,0.5
ACIC 2016,low-response outcome shift; strength=3,ctmle,primary,0.21304712581580226,0.8719680049295286,0.210625,0.8763541666666668,1.0121857003936099,0.7145713460225867,1.4164935468341828,0.5840675778749088,0.8980685262878736,0.0,0.0,0.5
ACIC 2016,low-response outcome shift; strength=3,cui_selective_ml,primary,0.21304712581580226,0.8719680049295286,0.210625,0.8763541666666668,0.9336481935047839,0.48462663474335754,1.9265309138430113,0.40218123524600286,0.78152683454579,0.020729166666666667,0.0,nan
ACIC 2016,low-response outcome shift; strength=3,ma_dr_bc,primary,0.21304712581580226,0.8719680049295286,0.210625,0.8763541666666668,1.0171086754837728,0.7146328166171678,1.4232605218137397,0.2816619886235179,0.8791538877478646,0.50125,0.0046875,0.05
ACIC 2016,low-response outcome shift; strength=3,tmle,diagnostic,0.21304712581580226,0.8719680049295286,0.210625,0.8763541666666668,0.9376706472141656,0.7152783969154864,1.3109170516790483,0.28166198899697825,0.879153887751357,0.50125,0.0046875,0.05
ACIC 2016,off-response outcome shift; strength=0,aipw,primary,0.21075708771610085,0.871016741303895,0.205625,0.8716666666666667,0.721642755248521,0.7305267379217507,0.9878389356445686,0.5822155750108262,0.9003119804151356,0.0,0.0,0.5
ACIC 2016,off-response outcome shift; strength=0,ctmle,primary,0.21075708771610085,0.871016741303895,0.205625,0.8716666666666667,0.7225153471929882,0.7306564309960585,0.9888578496572293,0.5822155750108262,0.9003119804151356,0.0,0.0,0.5
ACIC 2016,off-response outcome shift; strength=0,cui_selective_ml,primary,0.21075708771610085,0.871016741303895,0.205625,0.8716666666666667,0.5367400287373341,0.48393558499283285,1.1091146123203222,0.4372287858036484,0.7598897187005829,0.0078125,0.0,nan
ACIC 2016,off-response outcome shift; strength=0,ma_dr_bc,primary,0.21075708771610085,0.871016741303895,0.205625,0.8716666666666667,0.721642755248521,0.7305267379217507,0.9878389356445686,0.27933958576937823,0.8824464256019177,0.4996875,0.005,0.05
ACIC 2016,off-response outcome shift; strength=0,tmle,diagnostic,0.21075708771610085,0.871016741303895,0.205625,0.8716666666666667,0.7276933367713355,0.7307363234598169,0.9958357254309274,0.2793395861416744,0.8824464256056429,0.4996875,0.005,0.05
ACIC 2016,off-response outcome shift; strength=3,aipw,primary,0.20391889580295772,0.8709992709852115,0.20052083333333331,0.8703125,0.7234638967185729,0.690584172807813,1.0476114646199837,0.5819068589558204,0.9009650083693366,0.0,0.0,0.5
ACIC 2016,off-response outcome shift; strength=3,ctmle,primary,0.20391889580295772,0.8709992709852115,0.20052083333333331,0.8703125,0.7230568003380258,0.6906792777697827,1.0468777964105,0.5819068589558204,0.9009650083693366,0.0,0.0,0.5
ACIC 2016,off-response outcome shift; strength=3,cui_selective_ml,primary,0.20391889580295772,0.8709992709852115,0.20052083333333331,0.8703125,0.5778178973798974,0.4957747247011181,1.165484782888518,0.40872806875424084,0.7756869603549343,0.013541666666666667,0.00010416666666666667,nan
ACIC 2016,off-response outcome shift; strength=3,ma_dr_bc,primary,0.20391889580295772,0.8709992709852115,0.20052083333333331,0.8703125,0.7234638967185729,0.690584172807813,1.0476114646199837,0.27543546857203666,0.8819238066900678,0.505625,0.004375,0.05
ACIC 2016,off-response outcome shift; strength=3,tmle,diagnostic,0.20391889580295772,0.8709992709852115,0.20052083333333331,0.8703125,0.7254287848477896,0.6907663261931265,1.0501797168453346,0.2754354689487567,0.8819238066933274,0.505625,0.004375,0.05
ACIC 2017,low-response outcome shift; strength=0,aipw,primary,0.20018831091159153,0.8715534915930576,0.2004166666666667,0.869375,0.7597874841237688,0.7491562766973499,1.0141909075010178,0.5793992695336541,0.9015638169273734,0.0,0.0,0.5
ACIC 2017,low-response outcome shift; strength=0,ctmle,primary,0.20018831091159153,0.8715534915930576,0.2004166666666667,0.869375,0.7601910153072626,0.7487176648507883,1.0153240012825941,0.5793992695336541,0.9015638169273734,0.0,0.0,0.5
ACIC 2017,low-response outcome shift; strength=0,cui_selective_ml,primary,0.20018831091159153,0.8715534915930576,0.2004166666666667,0.869375,0.5345054455762863,0.44672635282893414,1.196494100228212,0.4076036682590667,0.7699483941247403,0.03635416666666666,0.0,nan
ACIC 2017,low-response outcome shift; strength=0,ma_dr_bc,primary,0.20018831091159153,0.8715534915930576,0.2004166666666667,0.869375,0.7597874841237688,0.7491562766973499,1.0141909075010178,0.26576480595208707,0.8819140397089068,0.5373958333333334,0.0053125,0.05
ACIC 2017,low-response outcome shift; strength=0,tmle,diagnostic,0.20018831091159153,0.8715534915930576,0.2004166666666667,0.869375,0.764203294383395,0.7489751494059483,1.0203319762872305,0.2657648063524781,0.881914039712865,0.5373958333333334,0.0053125,0.05
ACIC 2017,low-response outcome shift; strength=3,aipw,primary,0.20791764828374404,0.8722376995196033,0.19854166666666667,0.8692708333333332,0.9966800073405255,0.7208377979596544,1.3826689029926675,0.5829191953502595,0.9029064269612233,0.0,0.0,0.5
ACIC 2017,low-response outcome shift; strength=3,ctmle,primary,0.20791764828374404,0.8722376995196033,0.19854166666666667,0.8692708333333332,0.9921486660845351,0.7208963250210587,1.376270944446211,0.5829191953502595,0.9029064269612233,0.0,0.0,0.5
ACIC 2017,low-response outcome shift; strength=3,cui_selective_ml,primary,0.20791764828374404,0.8722376995196033,0.19854166666666667,0.8692708333333332,0.9438180670410908,0.4420069217684781,2.1353015542490983,0.40297616467597586,0.773547863587613,0.05385416666666666,0.0,nan
ACIC 2017,low-response outcome shift; strength=3,ma_dr_bc,primary,0.20791764828374404,0.8722376995196033,0.19854166666666667,0.8692708333333332,0.9966800073405255,0.7208377979596544,1.3826689029926675,0.2721887159880716,0.8822895453926176,0.5482291666666667,0.006041666666666667,0.05
ACIC 2017,low-response outcome shift; strength=3,tmle,diagnostic,0.20791764828374404,0.8722376995196033,0.19854166666666667,0.8692708333333332,0.9353654202837962,0.7210113971254652,1.2972963035160325,0.2721887163965342,0.882289545397119,0.5482291666666667,0.006041666666666667,0.05
ACIC 2017,off-response outcome shift; strength=0,aipw,primary,0.20421883063110186,0.8722535579381684,0.20739583333333333,0.8720833333333333,0.7263419367539842,0.75490049012595,0.9621691153396907,0.5819559799817701,0.9060080784372986,0.0,0.0,0.5
ACIC 2017,off-response outcome shift; strength=0,ctmle,primary,0.20421883063110186,0.8722535579381684,0.20739583333333333,0.8720833333333333,0.7264560611587674,0.7551282743935817,0.9620300097253808,0.5819559799817701,0.9060080784372986,0.0,0.0,0.5
ACIC 2017,off-response outcome shift; strength=0,cui_selective_ml,primary,0.20421883063110186,0.8722535579381684,0.20739583333333333,0.8720833333333333,0.5119041318829785,0.45505685987315175,1.1249234480844283,0.4150789381335307,0.7745538740666856,0.030416666666666668,0.0,nan
ACIC 2017,off-response outcome shift; strength=0,ma_dr_bc,primary,0.20421883063110186,0.8722535579381684,0.20739583333333333,0.8720833333333333,0.7263419367539842,0.75490049012595,0.9621691153396907,0.27204552896212164,0.8881476726376762,0.5384375,0.003958333333333333,0.05
ACIC 2017,off-response outcome shift; strength=0,tmle,diagnostic,0.20421883063110186,0.8722535579381684,0.20739583333333333,0.8720833333333333,0.7287796888981395,0.7546835177480714,0.9656759048783424,0.27204552936328885,0.8881476726406254,0.5384375,0.003958333333333333,0.05
ACIC 2017,off-response outcome shift; strength=3,aipw,primary,0.21690034092670077,0.8722512726638774,0.22062500000000002,0.8742708333333333,0.7234074251773693,0.7058619656214585,1.0248567856187907,0.5908110770086448,0.9030133443574111,0.0,0.0,0.5
ACIC 2017,off-response outcome shift; strength=3,ctmle,primary,0.21690034092670077,0.8722512726638774,0.22062500000000002,0.8742708333333333,0.7241565109466928,0.705904669005321,1.0258559586623646,0.5908110770086448,0.9030133443574111,0.0,0.0,0.5
ACIC 2017,off-response outcome shift; strength=3,cui_selective_ml,primary,0.21690034092670077,0.8722512726638774,0.22062500000000002,0.8742708333333333,0.5716844285574374,0.472415631643561,1.2101302121788702,0.44749505965819847,0.7652412675004867,0.013229166666666667,0.0,nan
ACIC 2017,off-response outcome shift; strength=3,ma_dr_bc,primary,0.21690034092670077,0.8722512726638774,0.22062500000000002,0.8742708333333333,0.7234074251773693,0.7058619656214585,1.0248567856187907,0.2864974297905185,0.8840438842290702,0.5260416666666666,0.004375,0.05
ACIC 2017,off-response outcome shift; strength=3,tmle,diagnostic,0.21690034092670077,0.8722512726638774,0.22062500000000002,0.8742708333333333,0.7338884088394251,0.7061050956525398,1.0393472775624282,0.2864974301824501,0.8840438842323299,0.5260416666666666,0.004375,0.05
IHDP,low-response outcome shift; strength=0,aipw,primary,0.19608767035299376,0.8746732434092941,0.1946875,0.8751041666666666,1.490243018590013,1.6821330545144861,0.8859245792659022,0.5589152581120531,0.8824402351180712,0.0,0.0,0.5
IHDP,low-response outcome shift; strength=0,ctmle,primary,0.19608767035299376,0.8746732434092941,0.1946875,0.8751041666666666,1.4904536578979577,1.6821287835081682,0.8860520505389237,0.5589152581120531,0.8824402351180712,0.0,0.0,0.5
IHDP,low-response outcome shift; strength=0,cui_selective_ml,primary,0.19608767035299376,0.8746732434092941,0.1946875,0.8751041666666666,0.4630312100987884,0.5589934142919846,0.8283303492676368,0.42617839445145655,0.8067685943797136,0.00375,0.0,nan
IHDP,low-response outcome shift; strength=0,ma_dr_bc,primary,0.19608767035299376,0.8746732434092941,0.1946875,0.8751041666666666,1.490243018590013,1.6821330545144861,0.8859245792659022,0.2391700475513935,0.8714683928418283,0.5319791666666667,0.0005208333333333333,0.05
IHDP,low-response outcome shift; strength=0,tmle,diagnostic,0.19608767035299376,0.8746732434092941,0.1946875,0.8751041666666666,1.5211888241641849,1.6818631384770024,0.9044664749247582,0.23917004794774888,0.8714683928422164,0.5319791666666667,0.0005208333333333333,0.05
IHDP,low-response outcome shift; strength=3,aipw,primary,0.20567279658176946,0.8747808227211797,0.20927083333333335,0.8773958333333334,1.792140350201188,1.2726637820555184,1.4081805229867128,0.5648515967279673,0.8847335057581465,0.0,0.0,0.5
IHDP,low-response outcome shift; strength=3,ctmle,primary,0.20567279658176946,0.8747808227211797,0.20927083333333335,0.8773958333333334,1.7657294332692544,1.2722583551392144,1.3878701807197351,0.5648515967279673,0.8847335057581465,0.0,0.0,0.5
IHDP,low-response outcome shift; strength=3,cui_selective_ml,primary,0.20567279658176946,0.8747808227211797,0.20927083333333335,0.8773958333333334,1.6624885822467788,0.5348650909736625,3.1082390873938004,0.4326805332571376,0.8137487411068602,0.004895833333333333,0.0,nan
IHDP,low-response outcome shift; strength=3,ma_dr_bc,primary,0.20567279658176946,0.8747808227211797,0.20927083333333335,0.8773958333333334,1.792140350201188,1.2726637820555184,1.4081805229867128,0.25388035469176246,0.8732541537457146,0.5172916666666667,0.0013541666666666667,0.05
IHDP,low-response outcome shift; strength=3,tmle,diagnostic,0.20567279658176946,0.8747808227211797,0.20927083333333335,0.8773958333333334,1.5266777306797628,1.2737232891888493,1.1985945013630108,0.25388035507717477,0.8732541537467235,0.5172916666666667,0.0013541666666666667,0.05
IHDP,off-response outcome shift; strength=0,aipw,primary,0.2067304457104558,0.8744997710008937,0.20666666666666667,0.8768750000000001,1.498041582321096,1.7442214307816735,0.8588597501922379,0.5619439110656579,0.8828100282140077,0.0,0.0,0.5
IHDP,off-response outcome shift; strength=0,ctmle,primary,0.2067304457104558,0.8744997710008937,0.20666666666666667,0.8768750000000001,1.4977253989793797,1.7441087642591329,0.8587339446204707,0.5619439110656579,0.8828100282140077,0.0,0.0,0.5
IHDP,off-response outcome shift; strength=0,cui_selective_ml,primary,0.2067304457104558,0.8744997710008937,0.20666666666666667,0.8768750000000001,0.483186367270224,0.5976483476971548,0.8084793827875989,0.43581812738235015,0.8120269628321769,0.0040625,0.0,nan
IHDP,off-response outcome shift; strength=0,ma_dr_bc,primary,0.2067304457104558,0.8744997710008937,0.20666666666666667,0.8768750000000001,1.498041582321096,1.7442214307816735,0.8588597501922379,0.24928016032713152,0.8711239504204908,0.5260416666666666,0.0005208333333333333,0.05
IHDP,off-response outcome shift; strength=0,tmle,diagnostic,0.2067304457104558,0.8744997710008937,0.20666666666666667,0.8768750000000001,1.5257776740377351,1.7444717629145434,0.8746359250255623,0.24928016071906314,0.8711239504208789,0.5260416666666666,0.0005208333333333333,0.05
IHDP,off-response outcome shift; strength=3,aipw,primary,0.2059581518096515,0.8746823056300268,0.2071875,0.8769791666666666,1.078956623370832,1.2134851140994085,0.889138738361519,0.565353073750933,0.8830529097653925,0.0,0.0,0.5
IHDP,off-response outcome shift; strength=3,ctmle,primary,0.2059581518096515,0.8746823056300268,0.2071875,0.8769791666666666,1.078224544954698,1.2135545809476873,0.8884845905428436,0.565353073750933,0.8830529097653925,0.0,0.0,0.5
IHDP,off-response outcome shift; strength=3,cui_selective_ml,primary,0.2059581518096515,0.8746823056300268,0.2071875,0.8769791666666666,0.5896187262064794,0.7019534447306026,0.8399684204595145,0.4618686290460523,0.8065250861783096,0.004166666666666667,0.0,nan
IHDP,off-response outcome shift; strength=3,ma_dr_bc,primary,0.2059581518096515,0.8746823056300268,0.2071875,0.8769791666666666,1.078956623370832,1.2134851140994085,0.889138738361519,0.2546656523957693,0.872385961874233,0.5127083333333333,0.00125,0.05
IHDP,off-response outcome shift; strength=3,tmle,diagnostic,0.2059581518096515,0.8746823056300268,0.2071875,0.8769791666666666,1.0884572089785125,1.2134290442525004,0.8970093588364918,0.2546656527777668,0.8723859618751643,0.5127083333333333,0.00125,0.05
Kang-Schafer,"outcome correct, response correct; n=1000",aipw,primary,0.17930113172342005,0.819550785830581,0.190625,0.8165625000000001,0.43186345689061634,0.2952112950945698,1.462896115652589,0.5182024867273868,0.8680324243009091,0.0,0.0,0.5
Kang-Schafer,"outcome correct, response correct; n=1000",ctmle,primary,0.17930113172342005,0.819550785830581,0.190625,0.8165625000000001,0.4410593368066408,0.29274431825345576,1.5066367109635073,0.5182024867273868,0.8680324243009091,0.0,0.0,0.5
Kang-Schafer,"outcome correct, response correct; n=1000",cui_selective_ml,primary,0.17930113172342005,0.819550785830581,0.190625,0.8165625000000001,0.0056969053121281345,0.004429828325732844,1.286032977629144,0.22414688053799106,0.7805888493721747,0.0134375,0.0,nan
Kang-Schafer,"outcome correct, response correct; n=1000",ma_dr_bc,primary,0.17930113172342005,0.819550785830581,0.190625,0.8165625000000001,0.43186345689061634,0.2952112950945698,1.462896115652589,0.16651908352435568,0.8490835262443871,0.4946875,0.0025,0.05
Kang-Schafer,"outcome correct, response correct; n=1000",tmle,diagnostic,0.17930113172342005,0.819550785830581,0.190625,0.8165625000000001,0.43276715107983316,0.29513543788996793,1.4663340809692156,0.16651908389292658,0.8490835262462497,0.4946875,0.0025,0.05
Kang-Schafer,"outcome correct, response correct; n=200",aipw,primary,0.1829524759267621,0.8242865266222889,0.19062500000000002,0.81875,0.6804336517696618,0.4486188288174469,1.5167300346338015,0.5284547158516943,0.8610729839652776,0.0,0.0,0.5
Kang-Schafer,"outcome correct, response correct; n=200",ctmle,primary,0.1829524759267621,0.8242865266222889,0.19062500000000002,0.81875,0.6836221191244924,0.44837378780611403,1.5246701250522356,0.5284547158516943,0.8610729839652776,0.0,0.0,0.5
Kang-Schafer,"outcome correct, response correct; n=200",cui_selective_ml,primary,0.1829524759267621,0.8242865266222889,0.19062500000000002,0.81875,0.011560700896163952,0.009062729854344635,1.2756311930253332,0.24521578303764144,0.7706466506909619,0.040624999999999994,0.0,nan
Kang-Schafer,"outcome correct, response correct; n=200",ma_dr_bc,primary,0.1829524759267621,0.8242865266222889,0.19062500000000002,0.81875,0.6804336517696618,0.4486188288174469,1.5167300346338015,0.19071693255100397,0.830712386771338,0.4765625,0.010937500000000001,0.05
Kang-Schafer,"outcome correct, response correct; n=200",tmle,diagnostic,0.1829524759267621,0.8242865266222889,0.19062500000000002,0.81875,0.6589746058470833,0.4489944595914398,1.4676675664254608,0.19071693290607072,0.8307123867794872,0.4765625,0.010937500000000001,0.05
Kang-Schafer,"outcome correct, response incorrect; n=1000",aipw,primary,0.17942249003232932,0.8199398757744354,0.1790625,0.819375,0.424265129765827,0.2911885189260523,1.4570118744055622,0.5194501465559006,0.866808731481433,0.0,0.0,0.5
Kang-Schafer,"outcome correct, response incorrect; n=1000",ctmle,primary,0.17942249003232932,0.8199398757744354,0.1790625,0.819375,0.4331539302701334,0.28868824693520156,1.5004210766064139,0.5194501465559006,0.866808731481433,0.0,0.0,0.5
Kang-Schafer,"outcome correct, response incorrect; n=1000",cui_selective_ml,primary,0.17942249003232932,0.8199398757744354,0.1790625,0.819375,0.005303708961629033,0.004385851382571491,1.2092769451114846,0.21769029846094334,0.7843813795528106,0.015000000000000001,0.0,nan
Kang-Schafer,"outcome correct, response incorrect; n=1000",ma_dr_bc,primary,0.17942249003232932,0.8199398757744354,0.1790625,0.819375,0.424265129765827,0.2911885189260523,1.4570118744055622,0.1723941812349949,0.8459854894424789,0.4921875,0.004375,0.05
Kang-Schafer,"outcome correct, response incorrect; n=1000",tmle,diagnostic,0.17942249003232932,0.8199398757744354,0.1790625,0.819375,0.42447883211193355,0.2912276231646149,1.457550034228721,0.17239418160170317,0.8459854894457386,0.4921875,0.004375,0.05
Kang-Schafer,"outcome correct, response incorrect; n=200",aipw,primary,0.1826740131905058,0.8261459533678888,0.2078125,0.8421875,0.6165641720666193,0.5070140976389085,1.2160690894747694,0.5354175626300275,0.8634586238302291,0.0,0.0,0.5
Kang-Schafer,"outcome correct, response incorrect; n=200",ctmle,primary,0.1826740131905058,0.8261459533678888,0.2078125,0.8421875,0.632848893334895,0.5010468048993926,1.2630534455996931,0.5354175626300275,0.8634586238302291,0.0,0.0,0.5
Kang-Schafer,"outcome correct, response incorrect; n=200",cui_selective_ml,primary,0.1826740131905058,0.8261459533678888,0.2078125,0.8421875,0.011542017724351001,0.009602260309900724,1.2020105008453297,0.3010714242136051,0.7146336233867321,0.0078125,0.0,nan
Kang-Schafer,"outcome correct, response incorrect; n=200",ma_dr_bc,primary,0.1826740131905058,0.8261459533678888,0.2078125,0.8421875,0.6165641720666193,0.5070140976389085,1.2160690894747694,0.22438767286716033,0.8347564920620061,0.42500000000000004,0.00625,0.05
Kang-Schafer,"outcome correct, response incorrect; n=200",tmle,diagnostic,0.1826740131905058,0.8261459533678888,0.2078125,0.8421875,0.6204845442759106,0.5063852509570739,1.2253211228075616,0.22438767318380998,0.8347564920666628,0.42500000000000004,0.00625,0.05
Kang-Schafer,"outcome incorrect, response correct; n=1000",aipw,primary,0.17995920402353294,0.8192100963595659,0.18156250000000002,0.8174999999999999,0.4194901004488083,0.26483429630051625,1.583971964011787,0.5170797334052623,0.8689117593131959,0.0,0.0,0.5
Kang-Schafer,"outcome incorrect, response correct; n=1000",ctmle,primary,0.17995920402353294,0.8192100963595659,0.18156250000000002,0.8174999999999999,0.41714274127181117,0.2652587407056117,1.5725881083585582,0.5170797334052623,0.8689117593131959,0.0,0.0,0.5
Kang-Schafer,"outcome incorrect, response correct; n=1000",cui_selective_ml,primary,0.17995920402353294,0.8192100963595659,0.18156250000000002,0.8174999999999999,0.7402418633942707,0.31935406233002767,2.3179347022969385,0.20620544141746158,0.7863467964147051,0.012812500000000001,0.0,nan
Kang-Schafer,"outcome incorrect, response correct; n=1000",ma_dr_bc,primary,0.17995920402353294,0.8192100963595659,0.18156250000000002,0.8174999999999999,0.4194901004488083,0.26483429630051625,1.583971964011787,0.16022147497883998,0.8498567789695226,0.495,0.00375,0.05
Kang-Schafer,"outcome incorrect, response correct; n=1000",tmle,diagnostic,0.17995920402353294,0.8192100963595659,0.18156250000000002,0.8174999999999999,0.3940334841675769,0.2659702149217135,1.4814947767123394,0.16022147534764375,0.8498567789723165,0.495,0.00375,0.05
Kang-Schafer,"outcome incorrect, response correct; n=200",aipw,primary,0.1797043579305437,0.8166542279957963,0.203125,0.8046875,0.6888769824612078,0.4702497974650288,1.4649171273963975,0.5317060681059956,0.8503306279890239,0.0,0.0,0.5
Kang-Schafer,"outcome incorrect, response correct; n=200",ctmle,primary,0.1797043579305437,0.8166542279957963,0.203125,0.8046875,0.6883207744257527,0.4679723046452119,1.4708579281152023,0.5317060681059956,0.8503306279890239,0.0,0.0,0.5
Kang-Schafer,"outcome incorrect, response correct; n=200",cui_selective_ml,primary,0.1797043579305437,0.8166542279957963,0.203125,0.8046875,0.813611278021202,0.39653132363358484,2.0518209521652326,0.2516117610887415,0.7322921426181246,0.0234375,0.0,nan
Kang-Schafer,"outcome incorrect, response correct; n=200",ma_dr_bc,primary,0.1797043579305437,0.8166542279957963,0.203125,0.8046875,0.6888769824612078,0.4702497974650288,1.4649171273963975,0.19433015626505948,0.8146629074390512,0.48124999999999996,0.0109375,0.05
Kang-Schafer,"outcome incorrect, response correct; n=200",tmle,diagnostic,0.1797043579305437,0.8166542279957963,0.203125,0.8046875,0.6503184512530934,0.4714506405496707,1.3793988072534558,0.1943301566236187,0.8146629074472003,0.48124999999999996,0.0109375,0.05
Kang-Schafer,"outcome incorrect, response incorrect; n=1000",aipw,primary,0.1816837655803823,0.8183886210280306,0.1934375,0.808125,0.38708652120430276,0.2514156060958088,1.5396280573640795,0.5225987266376615,0.8587964574620127,0.0,0.0,0.5
Kang-Schafer,"outcome incorrect, response incorrect; n=1000",ctmle,primary,0.1816837655803823,0.8183886210280306,0.1934375,0.808125,0.3868635874972885,0.25111119986499486,1.540606662328396,0.5225987266376615,0.8587964574620127,0.0,0.0,0.5
Kang-Schafer,"outcome incorrect, response incorrect; n=1000",cui_selective_ml,primary,0.1816837655803823,0.8183886210280306,0.1934375,0.808125,0.6088334361661176,0.3425429195656496,1.7773931422612066,0.23115076185826583,0.771831341479523,0.0125,0.0,nan
Kang-Schafer,"outcome incorrect, response incorrect; n=1000",ma_dr_bc,primary,0.1816837655803823,0.8183886210280306,0.1934375,0.808125,0.38708652120430276,0.2514156060958088,1.5396280573640795,0.18542717406200246,0.8374746021679602,0.43562500000000004,0.0040625,0.05
Kang-Schafer,"outcome incorrect, response incorrect; n=1000",tmle,diagnostic,0.1816837655803823,0.8183886210280306,0.1934375,0.808125,0.37898401023237993,0.25180844790675,1.5050488312954684,0.18542717438656836,0.8374746021709871,0.43562500000000004,0.0040625,0.05
Kang-Schafer,"outcome incorrect, response incorrect; n=200",aipw,primary,0.18841570177609157,0.8245856262620939,0.17500000000000002,0.8078124999999999,0.6844044142404928,0.49223169607318895,1.3904111005048527,0.5324669970199465,0.8663999585434794,0.0,0.0,0.5
Kang-Schafer,"outcome incorrect, response incorrect; n=200",ctmle,primary,0.18841570177609157,0.8245856262620939,0.17500000000000002,0.8078124999999999,0.6765204726692984,0.4921998035454669,1.3744834268443686,0.5324669970199465,0.8663999585434794,0.0,0.0,0.5
Kang-Schafer,"outcome incorrect, response incorrect; n=200",cui_selective_ml,primary,0.18841570177609157,0.8245856262620939,0.17500000000000002,0.8078124999999999,0.7491782792992273,0.4029705529637807,1.8591390209263357,0.2828711719910335,0.7053394343364809,0.0109375,0.0,nan
Kang-Schafer,"outcome incorrect, response incorrect; n=200",ma_dr_bc,primary,0.18841570177609157,0.8245856262620939,0.17500000000000002,0.8078124999999999,0.6844044142404928,0.49223169607318895,1.3904111005048527,0.19001719733234496,0.8355721050663851,0.5093749999999999,0.012499999999999999,0.05
Kang-Schafer,"outcome incorrect, response incorrect; n=200",tmle,diagnostic,0.18841570177609157,0.8245856262620939,0.17500000000000002,0.8078124999999999,0.6673511317055585,0.4934431925943756,1.352437609275401,0.1900171977118589,0.8355721050756983,0.5093749999999999,0.012499999999999999,0.05
Twins,low-response outcome shift; strength=0,aipw,primary,0.05335311432709604,0.8723866417583575,0.04895833333333333,0.87375,0.9429304506853862,0.8603990756572897,1.0959222032695093,0.5048651688359678,0.8999028400518,0.0,0.0,0.5
Twins,low-response outcome shift; strength=0,ctmle,primary,0.05335311432709604,0.8723866417583575,0.04895833333333333,0.87375,0.9447912892905571,0.8603190313805195,1.0981871315510578,0.5048651688359678,0.8999028400518,0.0,0.0,0.5
Twins,low-response outcome shift; strength=0,cui_selective_ml,primary,0.05335311432709604,0.8723866417583575,0.04895833333333333,0.87375,0.6729188192248812,0.7833651158231828,0.8590104481711042,0.3173217741863298,0.770490937600314,0.04729166666666666,0.0,nan
Twins,low-response outcome shift; strength=0,ma_dr_bc,primary,0.05335311432709604,0.8723866417583575,0.04895833333333333,0.87375,0.9429304506853862,0.8603990756572897,1.0959222032695093,0.08328124230145478,0.8941715923382435,0.7958333333333334,0.0010416666666666667,0.05
Twins,low-response outcome shift; strength=0,tmle,diagnostic,0.05335311432709604,0.8723866417583575,0.04895833333333333,0.87375,0.9592151259556257,0.860282912171856,1.1149996267321027,0.08328124289439681,0.8941715923390197,0.7958333333333334,0.0010416666666666667,0.05
Twins,low-response outcome shift; strength=3,aipw,primary,0.050262678271077166,0.872650894100264,0.0475,0.874375,1.0676317031673999,0.826031047086527,1.29248374735189,0.5036502449462811,0.8989079825766385,0.0,0.0,0.5
Twins,low-response outcome shift; strength=3,ctmle,primary,0.050262678271077166,0.872650894100264,0.0475,0.874375,1.0592530178786863,0.8262153075008372,1.2820544575514452,0.5036502449462811,0.8989079825766385,0.0,0.0,0.5
Twins,low-response outcome shift; strength=3,cui_selective_ml,primary,0.050262678271077166,0.872650894100264,0.0475,0.874375,1.0721647863208505,0.6970127238370498,1.5382284277661267,0.3144713612137133,0.7701237114413788,0.03989583333333333,0.00010416666666666667,nan
Twins,low-response outcome shift; strength=3,ma_dr_bc,primary,0.050262678271077166,0.872650894100264,0.0475,0.874375,1.0676317031673999,0.826031047086527,1.29248374735189,0.08183142928057352,0.8929979246477596,0.7958333333333334,0.0011458333333333333,0.05
Twins,low-response outcome shift; strength=3,tmle,diagnostic,0.050262678271077166,0.872650894100264,0.0475,0.874375,0.9992862741700173,0.8259575276131341,1.2098518879751257,0.08183142987351553,0.8929979246486133,0.7958333333333334,0.0011458333333333333,0.05
Twins,off-response outcome shift; strength=0,aipw,primary,0.05,0.8718434899373935,0.051875000000000004,0.8710416666666667,0.9477324539376617,0.8779627054244472,1.0794677815835978,0.5048012115309636,0.8988286044883231,0.0,0.0,0.5
Twins,off-response outcome shift; strength=0,ctmle,primary,0.05,0.8718434899373935,0.051875000000000004,0.8710416666666667,0.9471834474507642,0.8777600340458788,1.0790915634252456,0.5048012115309636,0.8988286044883231,0.0,0.0,0.5
Twins,off-response outcome shift; strength=0,cui_selective_ml,primary,0.05,0.8718434899373935,0.051875000000000004,0.8710416666666667,0.7127792940746532,0.7660850659726287,0.9304179466932984,0.3428275143368959,0.7606387586944219,0.020416666666666666,0.00020833333333333335,nan
Twins,off-response outcome shift; strength=0,ma_dr_bc,primary,0.05,0.8718434899373935,0.051875000000000004,0.8710416666666667,0.9477324539376617,0.8779627054244472,1.0794677815835978,0.08535338347218932,0.8922465493013151,0.78875,0.0011458333333333333,0.05
Twins,off-response outcome shift; strength=0,tmle,diagnostic,0.05,0.8718434899373935,0.051875000000000004,0.8710416666666667,0.9602708972063873,0.8778973398270069,1.0938305125695134,0.08535338405985385,0.8922465493021688,0.78875,0.0011458333333333333,0.05
Twins,off-response outcome shift; strength=3,aipw,primary,0.05,0.8726450872812859,0.051770833333333335,0.8783333333333333,0.8858917497228079,0.8145709109860857,1.0875563290743886,0.5038053336553275,0.9040380082465709,0.0,0.0,0.5
Twins,off-response outcome shift; strength=3,ctmle,primary,0.05,0.8726450872812859,0.051770833333333335,0.8783333333333333,0.8849170650243178,0.8141136166457633,1.086969984202294,0.5038053336553275,0.9040380082465709,0.0,0.0,0.5
Twins,off-response outcome shift; strength=3,cui_selective_ml,primary,0.05,0.8726450872812859,0.051770833333333335,0.8783333333333333,0.6784020997757405,0.7287486824548639,0.9309136552953676,0.30642898728393175,0.7804550702868778,0.030208333333333334,0.0,nan
Twins,off-response outcome shift; strength=3,ma_dr_bc,primary,0.05,0.8726450872812859,0.051770833333333335,0.8783333333333333,0.8858917497228079,0.8145709109860857,1.0875563290743886,0.08363754765394454,0.898326491461601,0.7792708333333334,0.0011458333333333333,0.05
Twins,off-response outcome shift; strength=3,tmle,diagnostic,0.05,0.8726450872812859,0.051770833333333335,0.8783333333333333,0.8927369395600067,0.8143961729126488,1.0961949101101198,0.08363754823454655,0.8983264914624549,0.7792708333333334,0.0011458333333333333,0.05
