summary,method,c,settings,reps,gain,gain_ci_low,gain_ci_high,activation,harm,mean_weight
kang_schafer,aipw,0,8,768,0.239942594538,0.183234892686,0.286313096231,0.665364583333,0.260416666667,0.665364583333
kang_schafer,aipw,0.25,8,768,0.223347983397,0.171301586081,0.267069042272,0.44921875,0.15625,0.333580826365
kang_schafer,aipw,0.5,8,768,0.20753607331,0.158825257803,0.248821910572,0.381510416667,0.111979166667,0.244700003308
kang_schafer,aipw,0.75,8,768,0.190086752357,0.143934572489,0.229344941709,0.328125,0.0833333333333,0.186303465149
kang_schafer,aipw,1,8,768,0.173418131201,0.129763004425,0.211209823843,0.2890625,0.0677083333333,0.145903062534
kang_schafer,aipw,1.25,8,768,0.155858771096,0.114494456989,0.192332599807,0.243489583333,0.0481770833333,0.116179145243
kang_schafer,aipw,1.5,8,768,0.1397867002,0.100420363622,0.174709052583,0.212239583333,0.0390625,0.0937792334642
kang_schafer,aipw,1.75,8,768,0.125798332494,0.0885724953449,0.158879616332,0.182291666667,0.0299479166667,0.0764169817371
kang_schafer,aipw,2,8,768,0.112401762141,0.0774343394632,0.144087529566,0.157552083333,0.0182291666667,0.0629285656418
kang_schafer,aipw,2.25,8,768,0.0994810385317,0.0669248349714,0.129700670007,0.141927083333,0.0182291666667,0.0522797359478
kang_schafer,aipw,2.5,8,768,0.0873397073462,0.0568553192816,0.115919080116,0.1171875,0.01171875,0.0434350790408
kang_schafer,aipw,2.75,8,768,0.0771930462128,0.0489123075135,0.103997265716,0.1015625,0.00911458333333,0.0368266066872
kang_schafer,aipw,3,8,768,0.0673619904572,0.0412495167679,0.0922874612711,0.0885416666667,0.0078125,0.0314330196736
kang_schafer,aipw,3.25,8,768,0.0585987886593,0.0345761993317,0.0818489337624,0.0755208333333,0.0078125,0.027170758662
kang_schafer,aipw,3.5,8,768,0.0509394022698,0.0289061968841,0.0724488182252,0.0703125,0.0078125,0.0236461694118
kang_schafer,aipw,3.75,8,768,0.0445761831375,0.0244160835191,0.0644130806956,0.0651041666667,0.0078125,0.0205677595385
kang_schafer,aipw,4,8,768,0.0383867599229,0.019807908414,0.0567022574767,0.0598958333333,0.0078125,0.0178207763767
kang_schafer,aipw,4.25,8,768,0.0331903980086,0.0161047423795,0.0502559176787,0.0546875,0.0078125,0.0153520513352
kang_schafer,aipw,4.5,8,768,0.0291206731415,0.0133776018581,0.0450117555015,0.0442708333333,0.0078125,0.0133847869506
kang_schafer,aipw,4.75,8,768,0.0252221255266,0.0107159202704,0.0399390976626,0.0442708333333,0.0078125,0.0116688954849
kang_schafer,aipw,5,8,768,0.0212543552873,0.00784023749499,0.0349962451782,0.0390625,0.0078125,0.0100264131051
kang_schafer,aipw,6,8,768,0.0129900892385,0.00328112674839,0.0234947778165,0.01953125,0.00390625,0.00598775915253
kang_schafer,aipw,8,8,768,0.00475906854153,-0.000221833225711,0.0108604862406,0.0130208333333,0.00260416666667,0.00242182990295
kang_schafer,aipw,10,8,768,0.00193889215926,-0.000748413230818,0.00585573335969,0.00520833333333,0.00130208333333,0.00102337798722
ihdp,aipw,0,4,384,0.0360104107899,0.0112207255827,0.0619492808265,0.135416666667,0.0390625,0.135416666667
ihdp,aipw,0.25,4,384,0.0300314814662,0.00665613640615,0.0548792178988,0.09375,0.0234375,0.0703697412906
ihdp,aipw,0.5,4,384,0.0268469435002,0.00493871394635,0.0504695141796,0.0807291666667,0.0208333333333,0.0514271358338
ihdp,aipw,0.75,4,384,0.0243135409172,0.00351617363236,0.0468132451314,0.0625,0.015625,0.0398589219991
ihdp,aipw,1,4,384,0.0225728402251,0.00287599814291,0.0438896445188,0.0520833333333,0.0130208333333,0.0342672857197
ihdp,aipw,1.25,4,384,0.020913609832,0.00238164252524,0.040996164213,0.046875,0.0104166666667,0.030960474669
ihdp,aipw,1.5,4,384,0.0191872144399,0.00181532941423,0.0381886569277,0.046875,0.0104166666667,0.0277775696028
ihdp,aipw,1.75,4,384,0.0173900073706,0.00110234775397,0.0352856248596,0.046875,0.0104166666667,0.0245946645365
ihdp,aipw,2,4,384,0.015521988624,0.000301764417121,0.0323493805024,0.046875,0.0104166666667,0.0214117594703
ihdp,aipw,2.25,4,384,0.0137984488261,-0.000317878108785,0.0296230195841,0.0442708333333,0.0104166666667,0.0184488273418
ihdp,aipw,2.5,4,384,0.0122900796646,-0.000818640664749,0.0271324623446,0.0416666666667,0.0104166666667,0.015854910251
ihdp,aipw,2.75,4,384,0.0106704170836,-0.00138568213443,0.024570507324,0.0364583333333,0.0078125,0.0135146732396
ihdp,aipw,3,4,384,0.00905101087869,-0.00208614485291,0.0220479514316,0.03125,0.00520833333333,0.0115505766682
ihdp,aipw,3.25,4,384,0.00803057800124,-0.00227124908244,0.020080541218,0.0260416666667,0.00520833333333,0.0101423218909
ihdp,aipw,3.5,4,384,0.00705518466976,-0.00243117037535,0.018206069476,0.0260416666667,0.00520833333333,0.00891929536972
ihdp,aipw,3.75,4,384,0.00604428673631,-0.00265409485389,0.016318605635,0.0260416666667,0.00520833333333,0.00769626884851
ihdp,aipw,4,4,384,0.00513253778836,-0.00277514390976,0.0145660137973,0.0234375,0.00520833333333,0.0065693944841
ihdp,aipw,4.25,4,384,0.00428888032207,-0.00283041135586,0.0128294485156,0.0234375,0.00520833333333,0.00551513788935
ihdp,aipw,4.5,4,384,0.00343619904924,-0.00296337062998,0.0111762370385,0.0208333333333,0.00520833333333,0.00457089649261
ihdp,aipw,4.75,4,384,0.00275103791677,-0.00294130243529,0.00968404314686,0.0182291666667,0.00520833333333,0.00377074279535
ihdp,aipw,5,4,384,0.002110054297,-0.00289528926006,0.00819712540988,0.0182291666667,0.00520833333333,0.00300977311791
ihdp,aipw,6,4,384,0.000632963015744,-0.00195025045523,0.00376017599007,0.0104166666667,0.00520833333333,0.00103768717387
ihdp,aipw,8,4,384,0,0,0,0,0,0
ihdp,aipw,10,4,384,0,0,0,0,0,0
acic2016,aipw,0,4,384,0.0057472210063,-0.00613557761954,0.0182735396716,0.0859375,0.0390625,0.0859375
acic2016,aipw,0.25,4,384,0.00461052739161,-0.00581180791485,0.0155453656622,0.0625,0.0286458333333,0.0471306224589
acic2016,aipw,0.5,4,384,0.0037505106232,-0.00542604310234,0.0132758219968,0.0546875,0.0260416666667,0.0342690483724
acic2016,aipw,0.75,4,384,0.00268351868777,-0.00537523346063,0.0108725678813,0.046875,0.0182291666667,0.0256595357683
acic2016,aipw,1,4,384,0.00149337315522,-0.00556563650809,0.00839575300164,0.0364583333333,0.015625,0.0200710797771
acic2016,aipw,1.25,4,384,0.000235802841432,-0.00593669935168,0.00595606731353,0.0364583333333,0.015625,0.0159742663881
acic2016,aipw,1.5,4,384,-0.00053051177259,-0.00597532469898,0.00424628456675,0.0286458333333,0.015625,0.0127235581958
acic2016,aipw,1.75,4,384,-0.000949669064217,-0.00573828123886,0.00296396111241,0.0260416666667,0.015625,0.0102429629691
acic2016,aipw,2,4,384,-0.00138922622117,-0.00569570488418,0.00194377763354,0.0234375,0.0130208333333,0.00821350148446
acic2016,aipw,2.25,4,384,-0.00134083314465,-0.00522653577665,0.00162725411613,0.0182291666667,0.0130208333333,0.00681177891495
acic2016,aipw,2.5,4,384,-0.00114703697488,-0.00466003206152,0.00146954654754,0.0182291666667,0.0130208333333,0.00554318027587
acic2016,aipw,2.75,4,384,-0.000965937327975,-0.00411091701387,0.0013073100959,0.0130208333333,0.0104166666667,0.00437161623605
acic2016,aipw,3,4,384,-0.000835371342612,-0.00362655144231,0.00111873826555,0.0130208333333,0.0104166666667,0.00358532377266
acic2016,aipw,3.25,4,384,-0.000716092806308,-0.00316440168882,0.000918456037739,0.0104166666667,0.0078125,0.00284214498181
acic2016,aipw,3.5,4,384,-0.000662716074109,-0.00277496513587,0.000661670399423,0.0078125,0.00520833333333,0.0023727752593
acic2016,aipw,3.75,4,384,-0.000643820095499,-0.00243677489455,0.00036420711756,0.0078125,0.00520833333333,0.0019842234921
acic2016,aipw,4,4,384,-0.000627948998412,-0.00211045977076,7.40037546629e-05,0.0078125,0.00520833333333,0.00159567172491
acic2016,aipw,4.25,4,384,-0.000533892196799,-0.0017244190455,0,0.00520833333333,0.00520833333333,0.00131861545147
acic2016,aipw,4.5,4,384,-0.000406640199557,-0.00131437404408,0,0.00520833333333,0.00520833333333,0.00108980851724
acic2016,aipw,4.75,4,384,-0.000281145161628,-0.000908119787829,0,0.00520833333333,0.00520833333333,0.000861001583014
acic2016,aipw,5,4,384,-0.000157407083011,-0.000505647829432,0,0.00520833333333,0.00520833333333,0.000632194648787
acic2016,aipw,6,4,384,-1.46169421567e-08,-5.25303374549e-08,0,0.00260416666667,0.00260416666667,5.24190466329e-05
acic2016,aipw,8,4,384,0,0,0,0,0,0
acic2016,aipw,10,4,384,0,0,0,0,0,0
acic2017,aipw,0,4,384,0.0183469119286,0.00280168939803,0.038047959673,0.0859375,0.0286458333333,0.0859375
acic2017,aipw,0.25,4,384,0.0169432209402,0.00262094317661,0.0354891812736,0.0546875,0.015625,0.0392296223
acic2017,aipw,0.5,4,384,0.0155936768232,0.00216545142057,0.0330832946017,0.0416666666667,0.0104166666667,0.0280420345572
acic2017,aipw,0.75,4,384,0.0139790145794,0.0013205982066,0.0306219120283,0.0416666666667,0.0104166666667,0.0212297185025
acic2017,aipw,1,4,384,0.0125740752172,0.000543583145865,0.0284229087816,0.0260416666667,0.00520833333333,0.0163271200339
acic2017,aipw,1.25,4,384,0.0117514685549,0.000394306772819,0.0267231302008,0.0234375,0.00520833333333,0.0143492008609
acic2017,aipw,1.5,4,384,0.0109181263728,0.000196400370044,0.02505923174,0.0234375,0.00520833333333,0.0125315410331
acic2017,aipw,1.75,4,384,0.0102454283435,0.000134579899733,0.0234774152414,0.0182291666667,0.00260416666667,0.0111934043349
acic2017,aipw,2,4,384,0.00957199132763,0.000111255504115,0.0219771682234,0.0182291666667,0.00260416666667,0.0101882954303
acic2017,aipw,2.25,4,384,0.0088805971849,9.4564034571e-05,0.0203853976,0.0182291666667,0.00260416666667,0.00918318652578
acic2017,aipw,2.5,4,384,0.00817124591528,5.60094364749e-05,0.0187873771632,0.0182291666667,0.00260416666667,0.00817807762124
acic2017,aipw,2.75,4,384,0.0074785795355,0,0.0172602952311,0.015625,0.00260416666667,0.00724009342322
acic2017,aipw,3,4,384,0.00686345247591,0,0.0157832482468,0.0130208333333,0.00260416666667,0.00648942209951
acic2017,aipw,3.25,4,384,0.00628098623306,0,0.014397611711,0.0130208333333,0.00260416666667,0.00594513783003
acic2017,aipw,3.5,4,384,0.00568597161618,0,0.0130041798178,0.0130208333333,0.00260416666667,0.00540085356054
acic2017,aipw,3.75,4,384,0.00507840862528,5.57316210958e-05,0.0116354450472,0.0130208333333,0.00260416666667,0.00485656929106
acic2017,aipw,4,4,384,0.00445829726035,8.6109933553e-05,0.0103385698705,0.0130208333333,0.00260416666667,0.00431228502157
acic2017,aipw,4.25,4,384,0.0038256375214,9.7918279602e-05,0.0091238266458,0.0130208333333,0.00260416666667,0.00376800075209
acic2017,aipw,4.5,4,384,0.00318042940843,7.82481510251e-05,0.007978854598,0.0130208333333,0.00260416666667,0.0032237164826
acic2017,aipw,4.75,4,384,0.00271584059786,-1.10617256693e-05,0.00719528995474,0.0104166666667,0.00260416666667,0.00273391732811
acic2017,aipw,5,4,384,0.00247954438944,0,0.0066809122747,0.0078125,0,0.00244572295128
acic2017,aipw,6,4,384,0.00181996322155,0,0.00484560947583,0.00520833333333,0,0.00185632453145
acic2017,aipw,8,4,384,0.000512275381261,0,0.00181842582296,0.00260416666667,0,0.000764719386212
acic2017,aipw,10,4,384,0.000214224114681,0,0.000760432135302,0.00260416666667,0,0.000304857566098
twins,aipw,0,4,384,0.00292039988819,-0.000919920008312,0.00937850526669,0.0234375,0.0104166666667,0.0234375
twins,aipw,0.25,4,384,0.00285405559127,-0.00031930553315,0.00867686099715,0.0104166666667,0.00520833333333,0.00738503526214
twins,aipw,0.5,4,384,0.0027502098569,-8.27393975388e-05,0.00799613510004,0.0078125,0.00260416666667,0.00622223946196
twins,aipw,0.75,4,384,0.0025523587908,0,0.00724057834718,0.0078125,0,0.00542710919294
twins,aipw,1,4,384,0.00231103950149,0,0.00640278975392,0.0078125,0,0.00463197892392
twins,aipw,1.25,4,384,0.00202625198897,0,0.00548498972838,0.0078125,0,0.0038368486549
twins,aipw,1.5,4,384,0.00169799625324,0,0.00449967347967,0.0078125,0,0.00304171838588
twins,aipw,1.75,4,384,0.00132627229431,0,0.00349382527123,0.0078125,0,0.00224658811686
twins,aipw,2,4,384,0.000949896032922,0,0.00256227485809,0.00520833333333,0,0.00163661523511
twins,aipw,2.25,4,384,0.000584970612941,0,0.00184225007405,0.00520833333333,0,0.00119015047283
twins,aipw,2.5,4,384,0.00044418029244,0,0.00155550287758,0.00260416666667,0,0.000950649528368
twins,aipw,2.75,4,384,0.000381937849014,0,0.00133753215374,0.00260416666667,0,0.000785297814538
twins,aipw,3,4,384,0.00031337177087,0,0.00109741629612,0.00260416666667,0,0.000619946100708
twins,aipw,3.25,4,384,0.000238482058005,0,0.000835155304707,0.00260416666667,0,0.000454594386878
twins,aipw,3.5,4,384,0.000157268710421,0,0.000550749179503,0.00260416666667,0,0.000289242673048
twins,aipw,3.75,4,384,6.97317281174e-05,0,0.000244197920509,0.00260416666667,0,0.000123890959218
twins,aipw,4,4,384,0,0,0,0,0,0
twins,aipw,4.25,4,384,0,0,0,0,0,0
twins,aipw,4.5,4,384,0,0,0,0,0,0
twins,aipw,4.75,4,384,0,0,0,0,0,0
twins,aipw,5,4,384,0,0,0,0,0,0
twins,aipw,6,4,384,0,0,0,0,0,0
twins,aipw,8,4,384,0,0,0,0,0,0
twins,aipw,10,4,384,0,0,0,0,0,0
kang_schafer,cui_selective_ml,0,8,768,0.113113127344,0.0784227151329,0.145131080795,0.515625,0.1875,0.515625
kang_schafer,cui_selective_ml,0.25,8,768,0.101463568938,0.0705440453806,0.130805493212,0.352864583333,0.109375,0.253353129068
kang_schafer,cui_selective_ml,0.5,8,768,0.091333029803,0.0630054773008,0.118737212384,0.2890625,0.08203125,0.188619817462
kang_schafer,cui_selective_ml,0.75,8,768,0.0799074235997,0.0536371272126,0.105920860538,0.25,0.0729166666667,0.147228193547
kang_schafer,cui_selective_ml,1,8,768,0.0699849570316,0.0451015811024,0.0949867919774,0.21484375,0.05859375,0.119230454443
kang_schafer,cui_selective_ml,1.25,8,768,0.0615711438602,0.0382493062811,0.0853661005113,0.192708333333,0.05078125,0.097206436324
kang_schafer,cui_selective_ml,1.5,8,768,0.054499908591,0.0324746554769,0.0773942886379,0.16796875,0.0442708333333,0.0801795443867
kang_schafer,cui_selective_ml,1.75,8,768,0.0493286898867,0.0286494924832,0.070958164722,0.147135416667,0.0364583333333,0.0670342533958
kang_schafer,cui_selective_ml,2,8,768,0.0453907863386,0.0259485423636,0.0656626502488,0.12890625,0.03125,0.0572197543151
kang_schafer,cui_selective_ml,2.25,8,768,0.0422265730547,0.0241472982954,0.0612678359298,0.1171875,0.0286458333333,0.0490641617075
kang_schafer,cui_selective_ml,2.5,8,768,0.0390543147044,0.0222646589649,0.0567779879585,0.104166666667,0.0260416666667,0.0424273592464
kang_schafer,cui_selective_ml,2.75,8,768,0.0357220378376,0.0203243399004,0.0521084506039,0.09765625,0.0234375,0.0365495943661
kang_schafer,cui_selective_ml,3,8,768,0.0323397292089,0.0181944862035,0.0474465147986,0.08984375,0.0208333333333,0.0313723050021
kang_schafer,cui_selective_ml,3.25,8,768,0.0289345802955,0.0161200660356,0.0427343309174,0.08203125,0.0182291666667,0.0267375562795
kang_schafer,cui_selective_ml,3.5,8,768,0.025484175866,0.0139318247033,0.038015562633,0.0768229166667,0.0169270833333,0.0226524380804
kang_schafer,cui_selective_ml,3.75,8,768,0.02212298355,0.0117707762647,0.0335563932665,0.0638020833333,0.0130208333333,0.0193814444116
kang_schafer,cui_selective_ml,4,8,768,0.0187792035062,0.00956199241267,0.0291749037381,0.05859375,0.0104166666667,0.0166415679129
kang_schafer,cui_selective_ml,4.25,8,768,0.0155984883909,0.00740298066069,0.0250883032063,0.0494791666667,0.0078125,0.0143133594615
kang_schafer,cui_selective_ml,4.5,8,768,0.0129006346185,0.00553988382155,0.0217032056832,0.0403645833333,0.0078125,0.0125032114768
kang_schafer,cui_selective_ml,4.75,8,768,0.0109575438094,0.0042526977431,0.0192135147124,0.0364583333333,0.0078125,0.0110073111559
kang_schafer,cui_selective_ml,5,8,768,0.00964351339522,0.00349895902913,0.0173476785226,0.0325520833333,0.00651041666667,0.00975089291499
kang_schafer,cui_selective_ml,6,8,768,0.00615435922477,0.00160512080265,0.0121439800312,0.0247395833333,0.00390625,0.0059026955715
kang_schafer,cui_selective_ml,8,8,768,0.00266576743948,0.000326349890409,0.00624907110476,0.0078125,0,0.00188334571651
kang_schafer,cui_selective_ml,10,8,768,0.000973569377614,3.6736681559e-05,0.00286656926712,0.00520833333333,0,0.000650750719792
ihdp,cui_selective_ml,0,4,384,-0.000992774681777,-0.00608153483454,0.00383208095794,0.0416666666667,0.0182291666667,0.0416666666667
ihdp,cui_selective_ml,0.25,4,384,-0.000391157834478,-0.00473030486442,0.0038186426629,0.0364583333333,0.015625,0.0295812015476
ihdp,cui_selective_ml,0.5,4,384,0.00014048958883,-0.00358412615902,0.00377942645696,0.03125,0.0130208333333,0.0242368688659
ihdp,cui_selective_ml,0.75,4,384,0.000495597733991,-0.00272813213862,0.00374948090538,0.0286458333333,0.0104166666667,0.0212780722465
ihdp,cui_selective_ml,1,4,384,0.000669228261638,-0.00208402242002,0.00354130781881,0.0286458333333,0.0104166666667,0.0188221518842
ihdp,cui_selective_ml,1.25,4,384,0.000835192293334,-0.00152988340968,0.00333966075448,0.0286458333333,0.0104166666667,0.0163662315219
ihdp,cui_selective_ml,1.5,4,384,0.000915330696259,-0.00108786722594,0.0030817346638,0.0260416666667,0.0078125,0.0143122928065
ihdp,cui_selective_ml,1.75,4,384,0.000970699102147,-0.000763107119494,0.00281052259639,0.0260416666667,0.0078125,0.0123573971631
ihdp,cui_selective_ml,2,4,384,0.000919025982306,-0.000596898971426,0.00250306344779,0.0208333333333,0.00520833333333,0.0108779534617
ihdp,cui_selective_ml,2.25,4,384,0.000778726049949,-0.000540685059155,0.00212795993707,0.0208333333333,0.00520833333333,0.00963353097773
ihdp,cui_selective_ml,2.5,4,384,0.000634734360989,-0.000494708962148,0.00178583336087,0.0208333333333,0.00520833333333,0.00838910849378
ihdp,cui_selective_ml,2.75,4,384,0.000487050915425,-0.000468154670336,0.0014598430238,0.0208333333333,0.00520833333333,0.00714468600982
ihdp,cui_selective_ml,3,4,384,0.000358282113522,-0.000446521217705,0.00121301026222,0.0182291666667,0.00520833333333,0.00594652261005
ihdp,cui_selective_ml,3.25,4,384,0.000311818881595,-0.000357383569461,0.0010780727262,0.0182291666667,0.00520833333333,0.00492296893867
ihdp,cui_selective_ml,3.5,4,384,0.000262767072836,-0.000281346524199,0.000953786842754,0.0182291666667,0.00520833333333,0.00389941526728
ihdp,cui_selective_ml,3.75,4,384,0.000228331584034,-0.000204437858697,0.000867975074323,0.015625,0.00520833333333,0.0029477330926
ihdp,cui_selective_ml,4,4,384,0.000220981915061,-0.000112738360716,0.00080576913028,0.0130208333333,0.00520833333333,0.00214293839765
ihdp,cui_selective_ml,4.25,4,384,0.000245068554842,-1.92749746023e-06,0.00077949519318,0.0078125,0.00260416666667,0.00169861416204
ihdp,cui_selective_ml,4.5,4,384,0.000227145196586,0,0.000735828239992,0.00260416666667,0,0.00153863907914
ihdp,cui_selective_ml,4.75,4,384,0.000218628956198,0,0.000708240202605,0.00260416666667,0,0.00147944310205
ihdp,cui_selective_ml,5,4,384,0.000210094893969,0,0.000680594432039,0.00260416666667,0,0.00142024712497
ihdp,cui_selective_ml,6,4,384,0.000175780426635,0,0.000569434017978,0.00260416666667,0,0.00118346321663
ihdp,cui_selective_ml,8,4,384,0.000106296043566,0,0.000344341997237,0.00260416666667,0,0.000709895399946
ihdp,cui_selective_ml,10,4,384,3.56710626268e-05,0,0.000115555053005,0.00260416666667,0,0.000236327583266
acic2016,cui_selective_ml,0,4,384,0.0019126921955,-0.00751073534316,0.0112535571286,0.244791666667,0.119791666667,0.244791666667
acic2016,cui_selective_ml,0.25,4,384,0.00119598115274,-0.00643664008298,0.00879326122919,0.138020833333,0.0598958333333,0.105517644862
acic2016,cui_selective_ml,0.5,4,384,0.000768125287097,-0.00575732455466,0.00717300572116,0.127604166667,0.0520833333333,0.0777617402089
acic2016,cui_selective_ml,0.75,4,384,-0.000395584781841,-0.00594932584938,0.00487503526914,0.106770833333,0.0390625,0.0585536067232
acic2016,cui_selective_ml,1,4,384,-0.0014930328426,-0.00623432817793,0.00289465156867,0.09375,0.0364583333333,0.0438992984104
acic2016,cui_selective_ml,1.25,4,384,-0.00198127089258,-0.00612932325311,0.00173227683459,0.078125,0.0338541666667,0.0337183229225
acic2016,cui_selective_ml,1.5,4,384,-0.00193631145847,-0.00570556198168,0.00125402224019,0.0598958333333,0.03125,0.0268213002789
acic2016,cui_selective_ml,1.75,4,384,-0.00169669368307,-0.00511900377941,0.00110311580722,0.0442708333333,0.0208333333333,0.0224791335629
acic2016,cui_selective_ml,2,4,384,-0.00174175456505,-0.00489461251968,0.000761495486844,0.0442708333333,0.0208333333333,0.0193660335957
acic2016,cui_selective_ml,2.25,4,384,-0.00166246027728,-0.00454381095389,0.000611053791633,0.0390625,0.0208333333333,0.0166200509092
acic2016,cui_selective_ml,2.5,4,384,-0.00149742774971,-0.00418472338675,0.000562233580279,0.0390625,0.0208333333333,0.0141264454547
acic2016,cui_selective_ml,2.75,4,384,-0.00132037659239,-0.00382858646136,0.000543002502304,0.0364583333333,0.0208333333333,0.0117717465751
acic2016,cui_selective_ml,3,4,384,-0.00111234442814,-0.0034542742248,0.00059703472313,0.03125,0.0182291666667,0.00976452605718
acic2016,cui_selective_ml,3.25,4,384,-0.00100647722005,-0.00319986812395,0.000575216660384,0.0260416666667,0.015625,0.00824427055488
acic2016,cui_selective_ml,3.5,4,384,-0.000886849410335,-0.00295851253205,0.000573118805863,0.0234375,0.015625,0.00693817583369
acic2016,cui_selective_ml,3.75,4,384,-0.000754113463795,-0.00270246139362,0.000594043868541,0.0182291666667,0.0130208333333,0.00602716140964
acic2016,cui_selective_ml,4,4,384,-0.000618431583651,-0.00247962590001,0.000637217625901,0.015625,0.0104166666667,0.00532555682569
acic2016,cui_selective_ml,4.25,4,384,-0.000487584103803,-0.00224679420046,0.000680900583938,0.015625,0.0104166666667,0.0046818416273
acic2016,cui_selective_ml,4.5,4,384,-0.000398443116906,-0.00208655188068,0.000696504255976,0.0130208333333,0.0078125,0.00413612393974
acic2016,cui_selective_ml,4.75,4,384,-0.000351443504474,-0.00197327042581,0.000675125476403,0.0104166666667,0.00520833333333,0.00376689105402
acic2016,cui_selective_ml,5,4,384,-0.000308087495345,-0.0018684757246,0.000661311896703,0.0104166666667,0.00520833333333,0.00341690286388
acic2016,cui_selective_ml,6,4,384,-0.00032135362643,-0.00165331953578,0.000452381063084,0.0078125,0.00260416666667,0.00249412650818
acic2016,cui_selective_ml,8,4,384,-0.000300674463971,-0.00119788634435,0.000143618674839,0.00520833333333,0.00260416666667,0.00126818034265
acic2016,cui_selective_ml,10,4,384,-0.000199790851167,-0.000705719932229,0,0.00260416666667,0.00260416666667,0.000566462358267
acic2017,cui_selective_ml,0,4,384,-0.000126144943755,-0.0111783508188,0.00926567560148,0.197916666667,0.0807291666667,0.197916666667
acic2017,cui_selective_ml,0.25,4,384,-0.00123238260818,-0.0118186720758,0.00764553302268,0.135416666667,0.0598958333333,0.10924722983
acic2017,cui_selective_ml,0.5,4,384,-0.00114465536997,-0.0113465921143,0.00722532673883,0.122395833333,0.0546875,0.0878242363424
acic2017,cui_selective_ml,0.75,4,384,-0.00134362343658,-0.011284848033,0.00662182576981,0.106770833333,0.046875,0.0726359057521
acic2017,cui_selective_ml,1,4,384,-0.00172909832768,-0.0114087519739,0.00589811103934,0.0989583333333,0.0416666666667,0.0626966994763
acic2017,cui_selective_ml,1.25,4,384,-0.00205099602436,-0.0115384337876,0.00526600360295,0.0859375,0.0390625,0.0550144462881
acic2017,cui_selective_ml,1.5,4,384,-0.00222418752023,-0.0115217315152,0.00481265080097,0.0807291666667,0.0364583333333,0.0494077625712
acic2017,cui_selective_ml,1.75,4,384,-0.00231496436632,-0.011424567659,0.0044964962924,0.0703125,0.03125,0.0451307572227
acic2017,cui_selective_ml,2,4,384,-0.00243369343662,-0.0113741555259,0.00414693788897,0.0677083333333,0.0286458333333,0.041810344781
acic2017,cui_selective_ml,2.25,4,384,-0.00256973066954,-0.0113486287057,0.00382110068327,0.0677083333333,0.0286458333333,0.038573096212
acic2017,cui_selective_ml,2.5,4,384,-0.00271343182313,-0.0113000583017,0.00348362256491,0.0677083333333,0.0286458333333,0.0353358476429
acic2017,cui_selective_ml,2.75,4,384,-0.0028550541098,-0.0113462335549,0.00315391706951,0.0651041666667,0.0286458333333,0.0321232434443
acic2017,cui_selective_ml,3,4,384,-0.00291824408148,-0.0112768829664,0.00294155089638,0.0598958333333,0.0260416666667,0.0292392741392
acic2017,cui_selective_ml,3.25,4,384,-0.00295652087075,-0.0111993014165,0.00275144431864,0.0546875,0.0234375,0.0268086972798
acic2017,cui_selective_ml,3.5,4,384,-0.00298523158179,-0.0111498911365,0.00255622938559,0.0494791666667,0.0234375,0.0247574457185
acic2017,cui_selective_ml,3.75,4,384,-0.00296543738132,-0.0110117178522,0.002418102753,0.046875,0.0208333333333,0.0230304609151
acic2017,cui_selective_ml,4,4,384,-0.00293294642707,-0.0108563774715,0.00234608066914,0.0442708333333,0.0208333333333,0.0215445246885
acic2017,cui_selective_ml,4.25,4,384,-0.00289991077252,-0.0106773045195,0.00227565443305,0.0390625,0.0182291666667,0.0202549257976
acic2017,cui_selective_ml,4.5,4,384,-0.0029182653821,-0.0105833401558,0.00214552978857,0.0390625,0.0182291666667,0.0191485979034
acic2017,cui_selective_ml,4.75,4,384,-0.00294093034737,-0.0104897539708,0.00201644527184,0.0364583333333,0.015625,0.0181484745633
acic2017,cui_selective_ml,5,4,384,-0.0029660282599,-0.0103995672786,0.00189937549304,0.0338541666667,0.0130208333333,0.017230857216
acic2017,cui_selective_ml,6,4,384,-0.00301503794345,-0.010023655648,0.00151278879007,0.0286458333333,0.0130208333333,0.0143057649806
acic2017,cui_selective_ml,8,4,384,-0.00269931538623,-0.00893740071819,0.00125513396526,0.0208333333333,0.0078125,0.00970269290149
acic2017,cui_selective_ml,10,4,384,-0.00239574228659,-0.00794636066386,0.00101443887241,0.0182291666667,0.0078125,0.00735574605807
twins,cui_selective_ml,0,4,384,0.0698548352679,0.0213419475957,0.116687521196,0.4453125,0.161458333333,0.4453125
twins,cui_selective_ml,0.25,4,384,0.05794555769,0.0165636172541,0.0977117361122,0.3671875,0.114583333333,0.32073614529
twins,cui_selective_ml,0.5,4,384,0.0464524696035,0.0105326241258,0.0821299910512,0.341145833333,0.109375,0.283285003906
twins,cui_selective_ml,0.75,4,384,0.0417365747389,0.00952815243887,0.0747051366721,0.322916666667,0.0989583333333,0.259524899686
twins,cui_selective_ml,1,4,384,0.0370812732687,0.007477473979,0.0683974602423,0.309895833333,0.0885416666667,0.240586516082
twins,cui_selective_ml,1.25,4,384,0.036470187044,0.00769153841547,0.0671933069974,0.286458333333,0.078125,0.227131690955
twins,cui_selective_ml,1.5,4,384,0.036674933219,0.00845669354078,0.0670171720682,0.276041666667,0.0729166666667,0.216364792829
twins,cui_selective_ml,1.75,4,384,0.037015523752,0.00938422121046,0.066895988253,0.270833333333,0.0729166666667,0.206852448817
twins,cui_selective_ml,2,4,384,0.0373427211194,0.0103093024698,0.0667972133097,0.270833333333,0.0729166666667,0.197712322458
twins,cui_selective_ml,2.25,4,384,0.0374477362318,0.0108726675286,0.0666593837698,0.265625,0.0677083333333,0.189098573797
twins,cui_selective_ml,2.5,4,384,0.0374471952457,0.0113019411577,0.0663235368289,0.255208333333,0.0625,0.181452836741
twins,cui_selective_ml,2.75,4,384,0.0375473802156,0.011843782108,0.0660365917251,0.25,0.0625,0.174435470678
twins,cui_selective_ml,3,4,384,0.0375867744465,0.0123753453729,0.0657090911106,0.2421875,0.0572916666667,0.167804161607
twins,cui_selective_ml,3.25,4,384,0.0374470191014,0.0126287786366,0.0652848831428,0.2265625,0.0494791666667,0.162377104337
twins,cui_selective_ml,3.5,4,384,0.0372077216908,0.0127771751863,0.0648027151078,0.223958333333,0.0494791666667,0.157574882892
twins,cui_selective_ml,3.75,4,384,0.0370094511456,0.0129124189693,0.0642798436552,0.216145833333,0.0442708333333,0.153023221587
twins,cui_selective_ml,4,4,384,0.0368093853311,0.0130276010354,0.06377840599,0.2109375,0.0416666666667,0.148881077014
twins,cui_selective_ml,4.25,4,384,0.0366285183271,0.0131751033833,0.0633211035366,0.2109375,0.0416666666667,0.145002550577
twins,cui_selective_ml,4.5,4,384,0.0364729229442,0.0132953486418,0.0629012401848,0.205729166667,0.0416666666667,0.141260864583
twins,cui_selective_ml,4.75,4,384,0.0363654529351,0.0134529308339,0.0625163587756,0.200520833333,0.0364583333333,0.137880670486
twins,cui_selective_ml,5,4,384,0.0362341043697,0.0135733177795,0.0621959971168,0.200520833333,0.0364583333333,0.13458381981
twins,cui_selective_ml,6,4,384,0.0354762307294,0.0138945846932,0.0604267455339,0.192708333333,0.03125,0.12213604366
twins,cui_selective_ml,8,4,384,0.0324553658821,0.0128564061524,0.055564690529,0.166666666667,0.015625,0.103140917035
twins,cui_selective_ml,10,4,384,0.0295223369334,0.0116371492082,0.0506367803331,0.1484375,0.0104166666667,0.0901977877799
kang_schafer,ma_dr_bc,0,8,768,0.160056598017,0.124987110418,0.192319248474,0.515625,0.178385416667,0.515625
kang_schafer,ma_dr_bc,0.25,8,768,0.157506584808,0.123942849929,0.188572952549,0.424479166667,0.122395833333,0.358817027477
kang_schafer,ma_dr_bc,0.5,8,768,0.152525845902,0.119936032657,0.183012057216,0.388020833333,0.104166666667,0.305882701561
kang_schafer,ma_dr_bc,0.75,8,768,0.14787902538,0.116220560928,0.177821234872,0.35546875,0.0885416666667,0.272614684802
kang_schafer,ma_dr_bc,1,8,768,0.143168110636,0.112148458701,0.172606444362,0.33203125,0.08203125,0.248500279098
kang_schafer,ma_dr_bc,1.25,8,768,0.13899634516,0.108698323724,0.167996243641,0.315104166667,0.0716145833333,0.229705967212
kang_schafer,ma_dr_bc,1.5,8,768,0.134926311811,0.105334632702,0.163449296579,0.305989583333,0.0677083333333,0.213593327621
kang_schafer,ma_dr_bc,1.75,8,768,0.130786981411,0.101862757156,0.15887806181,0.294270833333,0.0651041666667,0.199084806585
kang_schafer,ma_dr_bc,2,8,768,0.126932797994,0.0986549459052,0.154514683906,0.28515625,0.0611979166667,0.18622447282
kang_schafer,ma_dr_bc,2.25,8,768,0.123309062255,0.0956950049975,0.150496780083,0.274739583333,0.05859375,0.174716777992
kang_schafer,ma_dr_bc,2.5,8,768,0.119584871666,0.0922910682331,0.146608128317,0.266927083333,0.0559895833333,0.163968922911
kang_schafer,ma_dr_bc,2.75,8,768,0.115851254781,0.0890038046919,0.142673290091,0.2578125,0.0520833333333,0.154066357079
kang_schafer,ma_dr_bc,3,8,768,0.112178307186,0.0858506946943,0.138696005586,0.247395833333,0.0481770833333,0.145090092837
kang_schafer,ma_dr_bc,3.25,8,768,0.109147868223,0.0831985979123,0.135454181135,0.233072916667,0.0442708333333,0.137136235329
kang_schafer,ma_dr_bc,3.5,8,768,0.106169274667,0.0806428312848,0.132380437686,0.22265625,0.04296875,0.130190203668
kang_schafer,ma_dr_bc,3.75,8,768,0.103210028354,0.0781538436132,0.129236875682,0.21484375,0.0403645833333,0.123833052073
kang_schafer,ma_dr_bc,4,8,768,0.100362549279,0.075529601797,0.126282001887,0.204427083333,0.0377604166667,0.118043237657
kang_schafer,ma_dr_bc,4.25,8,768,0.0979115839426,0.0733458473347,0.123731285648,0.19921875,0.0338541666667,0.11287716597
kang_schafer,ma_dr_bc,4.5,8,768,0.0959261423866,0.0716972478254,0.121601183551,0.19140625,0.03125,0.108034938802
kang_schafer,ma_dr_bc,4.75,8,768,0.0941500978387,0.0702014343204,0.119666209162,0.1875,0.0286458333333,0.103469986717
kang_schafer,ma_dr_bc,5,8,768,0.0922895523757,0.0685506222166,0.117660118954,0.180989583333,0.0260416666667,0.099201863291
kang_schafer,ma_dr_bc,6,8,768,0.084974245058,0.0620125757167,0.109911500127,0.157552083333,0.01953125,0.0848860151742
kang_schafer,ma_dr_bc,8,8,768,0.0729131279243,0.0515877196937,0.0964305831508,0.13671875,0.015625,0.0636686856375
kang_schafer,ma_dr_bc,10,8,768,0.0619396373636,0.0420841404508,0.0841119578508,0.111979166667,0.0104166666667,0.047879127273
ihdp,ma_dr_bc,0,4,384,0.0173258217314,-0.00452815648389,0.0401950069361,0.111979166667,0.046875,0.111979166667
ihdp,ma_dr_bc,0.25,4,384,0.0173415818046,-0.00411002453198,0.0398809466698,0.0911458333333,0.0416666666667,0.0825957967886
ihdp,ma_dr_bc,0.5,4,384,0.0174763569715,-0.0036033740984,0.0396663843082,0.0859375,0.0390625,0.0772137566804
ihdp,ma_dr_bc,0.75,4,384,0.0175856932495,-0.00316360973171,0.0394513706622,0.0859375,0.0390625,0.0728518850206
ihdp,ma_dr_bc,1,4,384,0.0175106801096,-0.00285763854311,0.039088846345,0.0833333333333,0.0364583333333,0.0690606031564
ihdp,ma_dr_bc,1.25,4,384,0.0173588765142,-0.00265705311641,0.0386396471473,0.0833333333333,0.0364583333333,0.0654924206122
ihdp,ma_dr_bc,1.5,4,384,0.0171942116407,-0.00250973023166,0.0381974240995,0.0833333333333,0.0364583333333,0.061924238068
ihdp,ma_dr_bc,1.75,4,384,0.0170458092441,-0.00230159296737,0.0376532546249,0.078125,0.0338541666667,0.0590017830351
ihdp,ma_dr_bc,2,4,384,0.0168789291518,-0.00213146469507,0.0371660833796,0.078125,0.0338541666667,0.0562698948973
ihdp,ma_dr_bc,2.25,4,384,0.0167010488776,-0.00201218488082,0.0366122524424,0.078125,0.0338541666667,0.0535380067594
ihdp,ma_dr_bc,2.5,4,384,0.0165121684214,-0.00187815184698,0.036107821378,0.078125,0.0338541666667,0.0508061186216
ihdp,ma_dr_bc,2.75,4,384,0.0163019117859,-0.00179777372375,0.0356327839433,0.0755208333333,0.03125,0.0481698046635
ihdp,ma_dr_bc,3,4,384,0.0160647599311,-0.00178049105107,0.0351040601884,0.0755208333333,0.03125,0.0456833475117
ihdp,ma_dr_bc,3.25,4,384,0.0158177977394,-0.0016626683401,0.0346343669964,0.0729166666667,0.03125,0.0431982704187
ihdp,ma_dr_bc,3.5,4,384,0.0156458392935,-0.00153570846302,0.0341196696602,0.0703125,0.0286458333333,0.0411063764269
ihdp,ma_dr_bc,3.75,4,384,0.0154916189362,-0.00140772826478,0.0336189217024,0.0677083333333,0.0286458333333,0.0391136587185
ihdp,ma_dr_bc,4,4,384,0.0153540543022,-0.00128630910344,0.0332180626695,0.0677083333333,0.0286458333333,0.0372073470775
ihdp,ma_dr_bc,4.25,4,384,0.0151622559633,-0.0011946615817,0.0327503428633,0.0651041666667,0.0260416666667,0.0354275692941
ihdp,ma_dr_bc,4.5,4,384,0.0149500922791,-0.00111261608556,0.0322578125004,0.0651041666667,0.0260416666667,0.0336818870957
ihdp,ma_dr_bc,4.75,4,384,0.0147299706158,-0.00102082655418,0.0317927874835,0.0651041666667,0.0260416666667,0.0319362048974
ihdp,ma_dr_bc,5,4,384,0.0145437023364,-0.000933395498925,0.0313156188336,0.0598958333333,0.0260416666667,0.0303332640893
ihdp,ma_dr_bc,6,4,384,0.0138107416546,-0.000463211733131,0.0294230892426,0.0546875,0.0234375,0.0249434055276
ihdp,ma_dr_bc,8,4,384,0.0117641746023,-0.000399281958297,0.0254403845496,0.0442708333333,0.015625,0.0173409570704
ihdp,ma_dr_bc,10,4,384,0.00952486061839,-0.000627004321266,0.0215197362015,0.03125,0.0130208333333,0.0118311510619
acic2016,ma_dr_bc,0,4,384,0.00529236797843,-0.00089716908071,0.012222248855,0.0963541666667,0.0338541666667,0.0963541666667
acic2016,ma_dr_bc,0.25,4,384,0.0048714124383,-0.000764424524579,0.0112099012595,0.078125,0.0260416666667,0.0683924415608
acic2016,ma_dr_bc,0.5,4,384,0.0043364077652,-0.000834025629771,0.0102224915933,0.0755208333333,0.0260416666667,0.0589235743693
acic2016,ma_dr_bc,0.75,4,384,0.00388883556545,-0.000948034899716,0.00939927811393,0.0755208333333,0.0260416666667,0.0506249448872
acic2016,ma_dr_bc,1,4,384,0.0038608510896,-0.000717344815294,0.00913586620659,0.0651041666667,0.0234375,0.0442002455058
acic2016,ma_dr_bc,1.25,4,384,0.00379570146215,-0.000536575699604,0.00885024277908,0.0598958333333,0.0234375,0.039398983717
acic2016,ma_dr_bc,1.5,4,384,0.00375826468412,-0.00035270710997,0.00858835951089,0.0572916666667,0.0208333333333,0.0353107950142
acic2016,ma_dr_bc,1.75,4,384,0.00361753135451,-0.000265413647323,0.00823267089378,0.0546875,0.0182291666667,0.0320251096668
acic2016,ma_dr_bc,2,4,384,0.0034596010307,-0.000236344652471,0.00789239340485,0.0546875,0.0182291666667,0.0287876253335
acic2016,ma_dr_bc,2.25,4,384,0.00329072339646,-0.000209408636833,0.00755600940068,0.0546875,0.0182291666667,0.0255501410002
acic2016,ma_dr_bc,2.5,4,384,0.00311266196094,-0.000238253450303,0.00724003493105,0.0494791666667,0.015625,0.0224670392232
acic2016,ma_dr_bc,2.75,4,384,0.00299791058039,-0.000186110336554,0.00698822564778,0.0416666666667,0.0130208333333,0.0204141554719
acic2016,ma_dr_bc,3,4,384,0.00288064455984,-0.000174932008593,0.00674628311468,0.0390625,0.0130208333333,0.0186470924952
acic2016,ma_dr_bc,3.25,4,384,0.00277111122492,-0.000156163163478,0.00652004174085,0.0364583333333,0.0130208333333,0.0170041678491
acic2016,ma_dr_bc,3.5,4,384,0.00261793729676,-0.000188902070058,0.00624328219269,0.03125,0.0078125,0.0157259365868
acic2016,ma_dr_bc,3.75,4,384,0.00242568740713,-0.000278131883787,0.00595091930025,0.0286458333333,0.0078125,0.0146313655998
acic2016,ma_dr_bc,4,4,384,0.00225867983227,-0.000361317261145,0.00569750245805,0.0286458333333,0.0078125,0.0136970677509
acic2016,ma_dr_bc,4.25,4,384,0.00209567247827,-0.000428063890088,0.00546123723836,0.0260416666667,0.0078125,0.012872438261
acic2016,ma_dr_bc,4.5,4,384,0.00195758319017,-0.000468438100338,0.00523889776833,0.0234375,0.0078125,0.0121913650545
acic2016,ma_dr_bc,4.75,4,384,0.00183256598692,-0.000528451929418,0.00506468220803,0.0234375,0.0078125,0.0115665797798
acic2016,ma_dr_bc,5,4,384,0.00173168059941,-0.000562291287971,0.0049309985949,0.0208333333333,0.0078125,0.0109869008401
acic2016,ma_dr_bc,6,4,384,0.00148870715873,-0.000599784357011,0.0045417301172,0.0182291666667,0.00520833333333,0.00941058672746
acic2016,ma_dr_bc,8,4,384,0.00137252509591,-0.000448393407971,0.00421182246526,0.0130208333333,0.00520833333333,0.00785830843321
acic2016,ma_dr_bc,10,4,384,0.00128383669514,-0.000290978716472,0.0038995935489,0.0130208333333,0.00520833333333,0.00656767720818
acic2017,ma_dr_bc,0,4,384,0.00447234910946,-0.00354354757766,0.0132536476526,0.078125,0.0364583333333,0.078125
acic2017,ma_dr_bc,0.25,4,384,0.00534775331778,-0.00193212341708,0.0137007362245,0.0729166666667,0.03125,0.0594162960421
acic2017,ma_dr_bc,0.5,4,384,0.0054749580204,-0.00130301977359,0.0134006118213,0.0625,0.0234375,0.0503263031995
acic2017,ma_dr_bc,0.75,4,384,0.00539823929443,-0.00093433198653,0.0130292325849,0.0598958333333,0.0208333333333,0.0442616754563
acic2017,ma_dr_bc,1,4,384,0.00528694853639,-0.00071986617343,0.0126471493538,0.0598958333333,0.0182291666667,0.0390502894973
acic2017,ma_dr_bc,1.25,4,384,0.00527103913141,-0.000477647091708,0.0125104108337,0.0546875,0.0182291666667,0.0346085535161
acic2017,ma_dr_bc,1.5,4,384,0.00520166329781,-0.000331462324484,0.0122801307267,0.0494791666667,0.015625,0.0312952934445
acic2017,ma_dr_bc,1.75,4,384,0.0051421478151,-0.00021693308791,0.0120725495458,0.046875,0.0130208333333,0.0283060430676
acic2017,ma_dr_bc,2,4,384,0.00505843349729,-0.000112344376726,0.0118230382159,0.0442708333333,0.0104166666667,0.0257555108175
acic2017,ma_dr_bc,2.25,4,384,0.00495501394244,-3.25058057567e-05,0.0115733682881,0.0416666666667,0.0078125,0.0234865092606
acic2017,ma_dr_bc,2.5,4,384,0.00482943971161,1.08972402805e-05,0.0113001872968,0.0390625,0.0078125,0.0215392915438
acic2017,ma_dr_bc,2.75,4,384,0.00469968823987,5.37393380943e-05,0.0110435692443,0.0390625,0.0078125,0.0197869706982
acic2017,ma_dr_bc,3,4,384,0.00457836046017,8.7601145186e-05,0.0107816024072,0.0364583333333,0.0078125,0.0182151699739
acic2017,ma_dr_bc,3.25,4,384,0.00445598156184,0.000116202290698,0.0105190196119,0.0364583333333,0.0078125,0.0166949063606
acic2017,ma_dr_bc,3.5,4,384,0.00435064059252,0.00016787668192,0.0102872617876,0.03125,0.0078125,0.0152884970162
acic2017,ma_dr_bc,3.75,4,384,0.00428834169938,0.000247522776671,0.0100971259941,0.03125,0.0078125,0.0141483896603
acic2017,ma_dr_bc,4,4,384,0.00422977031703,0.000316496893685,0.00993109467979,0.0260416666667,0.00520833333333,0.0132135252026
acic2017,ma_dr_bc,4.25,4,384,0.00415452291372,0.000378815411891,0.00971842090153,0.0208333333333,0.00260416666667,0.0124511126083
acic2017,ma_dr_bc,4.5,4,384,0.00403772734564,0.000392370404123,0.00946613252903,0.0208333333333,0.00260416666667,0.0119580408009
acic2017,ma_dr_bc,4.75,4,384,0.00391923163669,0.000401432303743,0.0092102686434,0.0208333333333,0.00260416666667,0.0114649689936
acic2017,ma_dr_bc,5,4,384,0.00379903578687,0.000411031426849,0.00900108443319,0.0208333333333,0.00260416666667,0.0109718971862
acic2017,ma_dr_bc,6,4,384,0.00330125097892,0.000366760805446,0.00819882557738,0.0208333333333,0.00260416666667,0.00899960995677
acic2017,ma_dr_bc,8,4,384,0.00257811227431,0.000240996702308,0.00686421974772,0.015625,0,0.00625740140994
acic2017,ma_dr_bc,10,4,384,0.00204359331222,6.70185986799e-05,0.00583495454958,0.0104166666667,0,0.00458327001269
twins,ma_dr_bc,0,4,384,0.000404045549243,-0.00598620966059,0.00862196174429,0.0208333333333,0.0130208333333,0.0208333333333
twins,ma_dr_bc,0.25,4,384,0.000520009732275,-0.00584767902738,0.00873607095495,0.015625,0.0104166666667,0.0129451152448
twins,ma_dr_bc,0.5,4,384,0.000551558769932,-0.0057685911891,0.00873117123881,0.0130208333333,0.0078125,0.012687909535
twins,ma_dr_bc,0.75,4,384,0.00058265808911,-0.0056856412316,0.00873541244842,0.0130208333333,0.0078125,0.0125214476358
twins,ma_dr_bc,1,4,384,0.000613637170966,-0.00560910835476,0.00874860900334,0.0130208333333,0.0078125,0.0123549857366
twins,ma_dr_bc,1.25,4,384,0.000644496015501,-0.0055310466518,0.00874360496938,0.0130208333333,0.0078125,0.0121885238374
twins,ma_dr_bc,1.5,4,384,0.000675234622714,-0.0054608920774,0.00874365054556,0.0130208333333,0.0078125,0.0120220619382
twins,ma_dr_bc,1.75,4,384,0.000705852992606,-0.00539240052914,0.0087419155465,0.0130208333333,0.0078125,0.011855600039
twins,ma_dr_bc,2,4,384,0.000736351125175,-0.00532105745758,0.00874285620128,0.0130208333333,0.0078125,0.0116891381399
twins,ma_dr_bc,2.25,4,384,0.000766729020424,-0.00526098353605,0.00873875546525,0.0130208333333,0.0078125,0.0115226762407
twins,ma_dr_bc,2.5,4,384,0.000796986678351,-0.00519597114179,0.00874496353289,0.0130208333333,0.0078125,0.0113562143415
twins,ma_dr_bc,2.75,4,384,0.000827124098956,-0.00513075438131,0.00874717726109,0.0130208333333,0.0078125,0.0111897524423
twins,ma_dr_bc,3,4,384,0.000857141282239,-0.00506474049856,0.00876426031799,0.0130208333333,0.0078125,0.0110232905431
twins,ma_dr_bc,3.25,4,384,0.000887038228201,-0.00498610195023,0.00875634675797,0.0130208333333,0.0078125,0.0108568286439
twins,ma_dr_bc,3.5,4,384,0.000916814936841,-0.00491945143362,0.00876840810024,0.0130208333333,0.0078125,0.0106903667447
twins,ma_dr_bc,3.75,4,384,0.00094647140816,-0.00484994184172,0.00877379907221,0.0130208333333,0.0078125,0.0105239048456
twins,ma_dr_bc,4,4,384,0.000976007642157,-0.00478117530336,0.00877177961713,0.0130208333333,0.0078125,0.0103574429464
twins,ma_dr_bc,4.25,4,384,0.00100542363883,-0.00472181782773,0.00877451776964,0.0130208333333,0.0078125,0.0101909810472
twins,ma_dr_bc,4.5,4,384,0.00103471939819,-0.00464868084336,0.00878219445168,0.0130208333333,0.0078125,0.010024519148
twins,ma_dr_bc,4.75,4,384,0.00106389492022,-0.00458914205007,0.00877874927964,0.0130208333333,0.0078125,0.00985805724882
twins,ma_dr_bc,5,4,384,0.00109295020493,-0.00452929351498,0.00879246939277,0.0130208333333,0.0078125,0.00969159534963
twins,ma_dr_bc,6,4,384,0.00120796897056,-0.00429997339582,0.00881787566413,0.0130208333333,0.0078125,0.00902574775289
twins,ma_dr_bc,8,4,384,0.00131606824083,-0.0039203920661,0.00873211561344,0.0104166666667,0.00520833333333,0.00833220415123
twins,ma_dr_bc,10,4,384,0.00138868659368,-0.00358987262107,0.00859289861078,0.0104166666667,0.00520833333333,0.00781108852237
kang_schafer,ctmle,0,8,768,0.0011183537773,-0.00247991816985,0.00563953115331,0.015625,0.00911458333333,0.015625
kang_schafer,ctmle,0.25,8,768,0.00122083401645,-0.00218611172609,0.0056208662943,0.01171875,0.00651041666667,0.00791840392722
kang_schafer,ctmle,0.5,8,768,0.00129214182139,-0.00197260547609,0.00558270565292,0.00911458333333,0.00520833333333,0.0056233395177
kang_schafer,ctmle,0.75,8,768,0.00141584183004,-0.00174282900504,0.00560542490519,0.00651041666667,0.00390625,0.00418116303315
kang_schafer,ctmle,1,8,768,0.00152983476781,-0.00154355984273,0.00563139926442,0.00651041666667,0.00390625,0.00340474515531
kang_schafer,ctmle,1.25,8,768,0.00151972866651,-0.00148805102757,0.00554631946164,0.00390625,0.00130208333333,0.00303880924235
kang_schafer,ctmle,1.5,8,768,0.00149226091109,-0.00145319484338,0.00544367723795,0.00390625,0.00130208333333,0.00286532109082
kang_schafer,ctmle,1.75,8,768,0.00146437768422,-0.00142002004169,0.00534138672721,0.00390625,0.00130208333333,0.00269183293929
kang_schafer,ctmle,2,8,768,0.00143607898591,-0.00138660888592,0.00523837393347,0.00390625,0.00130208333333,0.00251834478776
kang_schafer,ctmle,2.25,8,768,0.00140736481615,-0.00135669676505,0.00513480258083,0.00390625,0.00130208333333,0.00234485663623
kang_schafer,ctmle,2.5,8,768,0.00137823517494,-0.0013274422973,0.00503073886361,0.00390625,0.00130208333333,0.0021713684847
kang_schafer,ctmle,2.75,8,768,0.00135271934209,-0.00129427281627,0.00493022069731,0.00260416666667,0.00130208333333,0.00208304950414
kang_schafer,ctmle,3,8,768,0.0013289688434,-0.00125915700571,0.00483179231375,0.00260416666667,0.00130208333333,0.00203567521664
kang_schafer,ctmle,3.25,8,768,0.0013050938569,-0.00122420257247,0.00473687310107,0.00260416666667,0.00130208333333,0.00198830092913
kang_schafer,ctmle,3.5,8,768,0.00128109438259,-0.00118940951652,0.00464157106719,0.00260416666667,0.00130208333333,0.00194092664163
kang_schafer,ctmle,3.75,8,768,0.00125697042046,-0.00115477783789,0.00454468537863,0.00260416666667,0.00130208333333,0.00189355235413
kang_schafer,ctmle,4,8,768,0.00123272197051,-0.00112030753655,0.00444790599857,0.00260416666667,0.00130208333333,0.00184617806663
kang_schafer,ctmle,4.25,8,768,0.00120834903275,-0.00108599861252,0.00434909873883,0.00260416666667,0.00130208333333,0.00179880377912
kang_schafer,ctmle,4.5,8,768,0.00118385160717,-0.00105099493808,0.00424984717481,0.00260416666667,0.00130208333333,0.00175142949162
kang_schafer,ctmle,4.75,8,768,0.00115922969378,-0.00101703643085,0.00415297124235,0.00260416666667,0.00130208333333,0.00170405520412
kang_schafer,ctmle,5,8,768,0.00113448329257,-0.000983239169567,0.00405338439981,0.00260416666667,0.00130208333333,0.00165668091662
kang_schafer,ctmle,6,8,768,0.00103425280958,-0.000849662583997,0.00365854186843,0.00260416666667,0.00130208333333,0.00146718376661
kang_schafer,ctmle,8,8,768,0.000827816428454,-0.000590249218699,0.00285817648872,0.00260416666667,0.00130208333333,0.00108818946659
kang_schafer,ctmle,10,8,768,0.000613412827135,-0.000341155594524,0.00204260914046,0.00260416666667,0.00130208333333,0.000709195166569
ihdp,ctmle,0,4,384,0,0,0,0,0,0
ihdp,ctmle,0.25,4,384,0,0,0,0,0,0
ihdp,ctmle,0.5,4,384,0,0,0,0,0,0
ihdp,ctmle,0.75,4,384,0,0,0,0,0,0
ihdp,ctmle,1,4,384,0,0,0,0,0,0
ihdp,ctmle,1.25,4,384,0,0,0,0,0,0
ihdp,ctmle,1.5,4,384,0,0,0,0,0,0
ihdp,ctmle,1.75,4,384,0,0,0,0,0,0
ihdp,ctmle,2,4,384,0,0,0,0,0,0
ihdp,ctmle,2.25,4,384,0,0,0,0,0,0
ihdp,ctmle,2.5,4,384,0,0,0,0,0,0
ihdp,ctmle,2.75,4,384,0,0,0,0,0,0
ihdp,ctmle,3,4,384,0,0,0,0,0,0
ihdp,ctmle,3.25,4,384,0,0,0,0,0,0
ihdp,ctmle,3.5,4,384,0,0,0,0,0,0
ihdp,ctmle,3.75,4,384,0,0,0,0,0,0
ihdp,ctmle,4,4,384,0,0,0,0,0,0
ihdp,ctmle,4.25,4,384,0,0,0,0,0,0
ihdp,ctmle,4.5,4,384,0,0,0,0,0,0
ihdp,ctmle,4.75,4,384,0,0,0,0,0,0
ihdp,ctmle,5,4,384,0,0,0,0,0,0
ihdp,ctmle,6,4,384,0,0,0,0,0,0
ihdp,ctmle,8,4,384,0,0,0,0,0,0
ihdp,ctmle,10,4,384,0,0,0,0,0,0
acic2016,ctmle,0,4,384,0,0,0,0,0,0
acic2016,ctmle,0.25,4,384,0,0,0,0,0,0
acic2016,ctmle,0.5,4,384,0,0,0,0,0,0
acic2016,ctmle,0.75,4,384,0,0,0,0,0,0
acic2016,ctmle,1,4,384,0,0,0,0,0,0
acic2016,ctmle,1.25,4,384,0,0,0,0,0,0
acic2016,ctmle,1.5,4,384,0,0,0,0,0,0
acic2016,ctmle,1.75,4,384,0,0,0,0,0,0
acic2016,ctmle,2,4,384,0,0,0,0,0,0
acic2016,ctmle,2.25,4,384,0,0,0,0,0,0
acic2016,ctmle,2.5,4,384,0,0,0,0,0,0
acic2016,ctmle,2.75,4,384,0,0,0,0,0,0
acic2016,ctmle,3,4,384,0,0,0,0,0,0
acic2016,ctmle,3.25,4,384,0,0,0,0,0,0
acic2016,ctmle,3.5,4,384,0,0,0,0,0,0
acic2016,ctmle,3.75,4,384,0,0,0,0,0,0
acic2016,ctmle,4,4,384,0,0,0,0,0,0
acic2016,ctmle,4.25,4,384,0,0,0,0,0,0
acic2016,ctmle,4.5,4,384,0,0,0,0,0,0
acic2016,ctmle,4.75,4,384,0,0,0,0,0,0
acic2016,ctmle,5,4,384,0,0,0,0,0,0
acic2016,ctmle,6,4,384,0,0,0,0,0,0
acic2016,ctmle,8,4,384,0,0,0,0,0,0
acic2016,ctmle,10,4,384,0,0,0,0,0,0
acic2017,ctmle,0,4,384,0,0,0,0,0,0
acic2017,ctmle,0.25,4,384,0,0,0,0,0,0
acic2017,ctmle,0.5,4,384,0,0,0,0,0,0
acic2017,ctmle,0.75,4,384,0,0,0,0,0,0
acic2017,ctmle,1,4,384,0,0,0,0,0,0
acic2017,ctmle,1.25,4,384,0,0,0,0,0,0
acic2017,ctmle,1.5,4,384,0,0,0,0,0,0
acic2017,ctmle,1.75,4,384,0,0,0,0,0,0
acic2017,ctmle,2,4,384,0,0,0,0,0,0
acic2017,ctmle,2.25,4,384,0,0,0,0,0,0
acic2017,ctmle,2.5,4,384,0,0,0,0,0,0
acic2017,ctmle,2.75,4,384,0,0,0,0,0,0
acic2017,ctmle,3,4,384,0,0,0,0,0,0
acic2017,ctmle,3.25,4,384,0,0,0,0,0,0
acic2017,ctmle,3.5,4,384,0,0,0,0,0,0
acic2017,ctmle,3.75,4,384,0,0,0,0,0,0
acic2017,ctmle,4,4,384,0,0,0,0,0,0
acic2017,ctmle,4.25,4,384,0,0,0,0,0,0
acic2017,ctmle,4.5,4,384,0,0,0,0,0,0
acic2017,ctmle,4.75,4,384,0,0,0,0,0,0
acic2017,ctmle,5,4,384,0,0,0,0,0,0
acic2017,ctmle,6,4,384,0,0,0,0,0,0
acic2017,ctmle,8,4,384,0,0,0,0,0,0
acic2017,ctmle,10,4,384,0,0,0,0,0,0
twins,ctmle,0,4,384,0,0,0,0,0,0
twins,ctmle,0.25,4,384,0,0,0,0,0,0
twins,ctmle,0.5,4,384,0,0,0,0,0,0
twins,ctmle,0.75,4,384,0,0,0,0,0,0
twins,ctmle,1,4,384,0,0,0,0,0,0
twins,ctmle,1.25,4,384,0,0,0,0,0,0
twins,ctmle,1.5,4,384,0,0,0,0,0,0
twins,ctmle,1.75,4,384,0,0,0,0,0,0
twins,ctmle,2,4,384,0,0,0,0,0,0
twins,ctmle,2.25,4,384,0,0,0,0,0,0
twins,ctmle,2.5,4,384,0,0,0,0,0,0
twins,ctmle,2.75,4,384,0,0,0,0,0,0
twins,ctmle,3,4,384,0,0,0,0,0,0
twins,ctmle,3.25,4,384,0,0,0,0,0,0
twins,ctmle,3.5,4,384,0,0,0,0,0,0
twins,ctmle,3.75,4,384,0,0,0,0,0,0
twins,ctmle,4,4,384,0,0,0,0,0,0
twins,ctmle,4.25,4,384,0,0,0,0,0,0
twins,ctmle,4.5,4,384,0,0,0,0,0,0
twins,ctmle,4.75,4,384,0,0,0,0,0,0
twins,ctmle,5,4,384,0,0,0,0,0,0
twins,ctmle,6,4,384,0,0,0,0,0,0
twins,ctmle,8,4,384,0,0,0,0,0,0
twins,ctmle,10,4,384,0,0,0,0,0,0
