group,design,method,n,strength,reps,reference_mse,proposal_mse,repaired_mse,proposal_gain,repaired_gain,repaired_gain_ci_low,repaired_gain_ci_high,path_activation,final_activation,conditional_gain_when_active,conditional_harm_when_active,unconditional_harm,mean_shrink_weight
alignment,alignment_aligned,aipw,3000,0,96,0.00472961614261,0.00472961614261,0.00472961614261,0,0,0,0,0,0,,,0,0
alignment,alignment_aligned,aipw,3000,3,96,0.0101918826553,0.0101918826553,0.0101918826553,0,0,0,0,0,0,,,0,0
alignment,alignment_aligned,aipw,3000,5,96,0.01423142636,0.0141699052005,0.0142323373619,0.0043229088879,-6.40133958376e-05,-0.000226302487601,0,0.0625,0.0104166666667,-0.68273609077,1,0.0104166666667,0.00140798245165
alignment,alignment_aligned,aipw,3000,8,96,0.0253412499909,0.0249094193312,0.0252779676462,0.0170406219037,0.00249720691631,0,0.00876333201207,0.0416666666667,0.0104166666667,0.390343765606,0,0,0.00407970663661
alignment,alignment_aligned,ctmle,3000,0,96,0.00136539463519,0.00136539463519,0.00136539463519,0,0,0,0,0,0,,,0,0
alignment,alignment_aligned,ctmle,3000,3,96,0.014803389877,0.014803389877,0.014803389877,0,0,0,0,0,0,,,0,0
alignment,alignment_aligned,ctmle,3000,5,96,0.036016063181,0.036016063181,0.036016063181,0,0,0,0,0,0,,,0,0
alignment,alignment_aligned,ctmle,3000,8,96,0.0864636877231,0.0864636877231,0.0864636877231,0,0,0,0,0,0,,,0,0
alignment,alignment_aligned,cui_selective_ml,3000,0,96,0.00118424426316,0.00118396015664,0.00118424426316,0.000239905339198,0,0,0,0.0208333333333,0,,,0,0
alignment,alignment_aligned,cui_selective_ml,3000,3,96,0.0103163955641,0.0102565477946,0.0102885634509,0.00580122865364,0.00269785246409,-0.00047247945569,0.00839536657833,0.302083333333,0.0416666666667,0.255799889881,0.25,0.0104166666667,0.019180922586
alignment,alignment_aligned,cui_selective_ml,3000,5,96,0.0251071778274,0.0245206413985,0.0249390678158,0.023361304602,0.00669569526296,0,0.0185611135883,0.34375,0.03125,0.174616308167,0,0,0.0185116273525
alignment,alignment_aligned,cui_selective_ml,3000,8,96,0.0601233155799,0.0593977216977,0.059068960095,0.0120684276173,0.017536549252,0.00533070469198,0.0330145846518,0.354166666667,0.0833333333333,0.19934979588,0,0,0.0440392057538
alignment,alignment_aligned,ma_dr_bc,3000,0,96,0.00557335202013,0.00557335202013,0.00557335202013,0,0,0,0,0,0,,,0,0
alignment,alignment_aligned,ma_dr_bc,3000,3,96,0.0282652565744,0.0282652565744,0.0282652565744,0,0,0,0,0,0,,,0,0
alignment,alignment_aligned,ma_dr_bc,3000,5,96,0.0698216810719,0.0698216810719,0.0698216810719,0,0,0,0,0,0,,,0,0
alignment,alignment_aligned,ma_dr_bc,3000,8,96,0.160477916112,0.160477916112,0.160477916112,0,0,0,0,0,0,,,0,0
alignment,alignment_aligned,tmle,3000,0,96,0.00151548698672,0.00151548698672,0.00151548698672,0,0,0,0,0,0,,,0,0
alignment,alignment_aligned,tmle,3000,3,96,0.0103650238966,0.0103650238966,0.0103650238966,0,0,0,0,0,0,,,0,0
alignment,alignment_aligned,tmle,3000,5,96,0.0234266588557,0.0233624793916,0.0234266588557,0.00273959101454,0,0,0,0.0520833333333,0,,,0,0
alignment,alignment_aligned,tmle,3000,8,96,0.0531422489831,0.0531696039302,0.0531422489831,-0.0005147495187,0,0,0,0.0625,0,,,0,0
alignment,alignment_disjoint,aipw,3000,3,96,0.0193723595275,0.0193806980765,0.0193723595275,-0.000430435382022,0,0,0,0.0104166666667,0,,,0,0
alignment,alignment_disjoint,aipw,3000,5,96,0.0266046694948,0.0265628063134,0.0266046694948,0.00157352758842,0,0,0,0.0104166666667,0,,,0,0
alignment,alignment_disjoint,aipw,3000,8,96,0.062053360009,0.062053360009,0.062053360009,0,0,0,0,0,0,,,0,0
alignment,alignment_disjoint,ctmle,3000,3,96,0.00254504010734,0.00254504010734,0.00254504010734,0,0,0,0,0,0,,,0,0
alignment,alignment_disjoint,ctmle,3000,5,96,0.00481589531256,0.00481589531256,0.00481589531256,0,0,0,0,0,0,,,0,0
alignment,alignment_disjoint,ctmle,3000,8,96,0.0114174760492,0.0114174760492,0.0114174760492,0,0,0,0,0,0,,,0,0
alignment,alignment_disjoint,cui_selective_ml,3000,3,96,0.00217243932617,0.00216448274742,0.00217243932617,0.00366250907526,0,0,0,0.0208333333333,0,,,0,0
alignment,alignment_disjoint,cui_selective_ml,3000,5,96,0.00438571298702,0.00437258912127,0.00437534152576,0.00299241327068,0.00236482899939,-0.0180803120697,0.02887225187,0.125,0.03125,0.146289060249,0.666666666667,0.0208333333333,0.022680448205
alignment,alignment_disjoint,cui_selective_ml,3000,8,96,0.00815822466749,0.00806266710443,0.00802741769451,0.0117130340179,0.0160337546845,-0.0162235720333,0.0613955623968,0.135416666667,0.03125,0.252882752259,0.333333333333,0.0104166666667,0.020319719052
alignment,alignment_disjoint,ma_dr_bc,3000,3,96,0.0222330468673,0.0221835031841,0.0222330468673,0.00222838027763,0,0,0,0.0104166666667,0,,,0,0
alignment,alignment_disjoint,ma_dr_bc,3000,5,96,0.0531218828393,0.0529568745988,0.0531218828393,0.00310621972854,0,0,0,0.0104166666667,0,,,0,0
alignment,alignment_disjoint,ma_dr_bc,3000,8,96,0.122886030678,0.122886030678,0.122886030678,0,0,0,0,0,0,,,0,0
alignment,alignment_disjoint,tmle,3000,3,96,0.00465980372027,0.00465987553687,0.00465980372027,-1.54119364502e-05,0,0,0,0.0104166666667,0,,,0,0
alignment,alignment_disjoint,tmle,3000,5,96,0.00768946462713,0.00768946462713,0.00768946462713,0,0,0,0,0,0,,,0,0
alignment,alignment_disjoint,tmle,3000,8,96,0.0199371889334,0.0199065279691,0.0199434576045,0.00153787800306,-0.000314421010478,-0.00112194382335,0,0.0208333333333,0.0104166666667,-1.24009573593,1,0.0104166666667,0.00752873788221
alignment,alignment_partial,aipw,3000,3,96,0.0163822190776,0.0164115621063,0.0163822190776,-0.00179115103738,0,0,0,0.0416666666667,0,,,0,0
alignment,alignment_partial,aipw,3000,5,96,0.0255389790561,0.025149859144,0.0253467220097,0.015236314309,0.00752798480757,0,0.0246254708038,0.03125,0.0104166666667,0.190603148877,0,0,0.00660614588906
alignment,alignment_partial,aipw,3000,8,96,0.0631177978434,0.0625420327905,0.0630258803746,0.00912207131066,0.00145628447116,0,0.0050546748286,0.0208333333333,0.0104166666667,0.0747055039903,0,0,0.00150712207856
alignment,alignment_partial,ctmle,3000,3,96,0.00393216246828,0.00393216246828,0.00393216246828,0,0,0,0,0,0,,,0,0
alignment,alignment_partial,ctmle,3000,5,96,0.0082468049806,0.0082468049806,0.0082468049806,0,0,0,0,0,0,,,0,0
alignment,alignment_partial,ctmle,3000,8,96,0.0232563864935,0.0232563864935,0.0232563864935,0,0,0,0,0,0,,,0,0
alignment,alignment_partial,cui_selective_ml,3000,3,96,0.00385078860132,0.00381660379141,0.00383449282283,0.00887735304351,0.00423180293346,0,0.014877364286,0.09375,0.0104166666667,0.412231529941,0,0,0.00471088462098
alignment,alignment_partial,cui_selective_ml,3000,5,96,0.00687559590879,0.00681343433949,0.00684168794661,0.00904089916329,0.00493163976232,0,0.0162753659803,0.0729166666667,0.0104166666667,0.189210747958,0,0,0.00708159814994
alignment,alignment_partial,cui_selective_ml,3000,8,96,0.0235497530645,0.0218665589038,0.023409137406,0.0714739622145,0.00597100352453,-0.0010751824769,0.0163312556233,0.177083333333,0.0520833333333,0.0665277448978,0.2,0.0104166666667,0.0156422278275
alignment,alignment_partial,ma_dr_bc,3000,3,96,0.0108276649413,0.0108276649413,0.0108276649413,0,0,0,0,0,0,,,0,0
alignment,alignment_partial,ma_dr_bc,3000,5,96,0.0164310554521,0.0163445256196,0.0163620909504,0.00526623702032,0.00419720461299,0,0.0145008277052,0.0104166666667,0.0104166666667,0.368907618201,0,0,0.00801747534859
alignment,alignment_partial,ma_dr_bc,3000,8,96,0.0434688191802,0.0434688191802,0.0434688191802,0,0,0,0,0,0,,,0,0
alignment,alignment_partial,tmle,3000,3,96,0.00292964901051,0.00297218166349,0.00293897823396,-0.0145180029508,-0.0031844167742,-0.0114468377777,0,0.0208333333333,0.0104166666667,-1.06028322459,1,0.0104166666667,0.00464601827666
alignment,alignment_partial,tmle,3000,5,96,0.00529026609613,0.00528834097641,0.00529026609613,0.000363898467863,0,0,0,0.03125,0,,,0,0
alignment,alignment_partial,tmle,3000,8,96,0.0124650058561,0.0122560704305,0.0124565551917,0.0167617591238,0.000677951096673,0,0.00229242007281,0.0208333333333,0.0104166666667,0.0289377421737,0,0,0.000587122238845
anchor,regional_shift,aipw,3000,0,96,0.0046165728902,0.0046165728902,0.0046165728902,0,0,0,0,0,0,,,0,0
anchor,regional_shift,aipw,3000,3,96,0.00835638759121,0.00836802328359,0.00835638759121,-0.00139243091041,0,0,0,0.0208333333333,0,,,0,0
anchor,regional_shift,aipw,3000,5,96,0.0160093899268,0.0154786434729,0.0156761278293,0.0331521973289,0.0208166644083,0,0.0564342902912,0.03125,0.03125,0.317738166831,0,0,0.0132638887763
anchor,regional_shift,aipw,3000,8,96,0.0277308814721,0.0277193751836,0.0277308814721,0.000414926892792,0,0,0,0.0520833333333,0,,,0,0
anchor,regional_shift,ctmle,3000,0,96,0.0012531197141,0.0012531197141,0.0012531197141,0,0,0,0,0,0,,,0,0
anchor,regional_shift,ctmle,3000,3,96,0.0141424753847,0.0141424753847,0.0141424753847,0,0,0,0,0,0,,,0,0
anchor,regional_shift,ctmle,3000,5,96,0.0347604683142,0.0347604683142,0.0347604683142,0,0,0,0,0,0,,,0,0
anchor,regional_shift,ctmle,3000,8,96,0.0825343124743,0.0825343124743,0.0825343124743,0,0,0,0,0,0,,,0,0
anchor,regional_shift,cui_selective_ml,3000,0,96,0.00117699743987,0.0011741365091,0.00117508991795,0.00243070262361,0.00162066785901,0,0.00581081715533,0.0208333333333,0.0104166666667,0.22586513193,0,0,0.00565600310358
anchor,regional_shift,cui_selective_ml,3000,3,96,0.00983468623088,0.00995882421513,0.00978882500972,-0.0126224651533,0.00466321142246,0,0.0118292651097,0.25,0.03125,0.118812288464,0,0,0.017499405986
anchor,regional_shift,cui_selective_ml,3000,5,96,0.0238067151269,0.0226849291993,0.0236109233756,0.0471205675234,0.00822422372261,0.00159752249251,0.0188681845564,0.427083333333,0.0729166666667,0.132733731166,0,0,0.0265979630251
anchor,regional_shift,cui_selective_ml,3000,8,96,0.0606016617225,0.0573174617137,0.0597504924569,0.0541932335749,0.014045312313,0.00411397860977,0.0261793614668,0.375,0.0833333333333,0.125604409187,0,0,0.0370002579467
anchor,regional_shift,ma_dr_bc,3000,0,96,0.0050685768456,0.0050685768456,0.0050685768456,0,0,0,0,0,0,,,0,0
anchor,regional_shift,ma_dr_bc,3000,3,96,0.0242450778637,0.0242948208392,0.0242450778637,-0.00205167316098,0,0,0,0.0104166666667,0,,,0,0
anchor,regional_shift,ma_dr_bc,3000,5,96,0.0593807189565,0.0593868361354,0.0593807189565,-0.000103016248867,0,0,0,0.0104166666667,0,,,0,0
anchor,regional_shift,ma_dr_bc,3000,8,96,0.13902555273,0.13902555273,0.13902555273,0,0,0,0,0,0,,,0,0
anchor,regional_shift,tmle,3000,0,96,0.0017218652021,0.0017218652021,0.0017218652021,0,0,0,0,0,0,,,0,0
anchor,regional_shift,tmle,3000,3,96,0.00959133145811,0.00959133145811,0.00959133145811,0,0,0,0,0,0,,,0,0
anchor,regional_shift,tmle,3000,5,96,0.0239888646135,0.0238967548936,0.0238651099629,0.00383968651175,0.0051588373412,0,0.0163803530063,0.0208333333333,0.0104166666667,0.211524271626,0,0,0.0069370027186
anchor,regional_shift,tmle,3000,8,96,0.0534139023596,0.053416117019,0.0534139023596,-4.14622280132e-05,0,0,0,0.0104166666667,0,,,0,0
kang_schafer,kang_schafer_cc,aipw,200,0,96,63.3695612342,48.1215589085,53.6250226238,0.240620291963,0.153773174701,0.0518920793849,0.26209365788,0.583333333333,0.135416666667,0.48538983379,0.0769230769231,0.0104166666667,0.0570502596345
kang_schafer,kang_schafer_cc,aipw,1000,0,96,4.64312869565,3.11773794146,3.7743392649,0.328526485948,0.187112933476,0.0905056469278,0.286689506131,1,0.197916666667,0.449630915555,0.0526315789474,0.0104166666667,0.0784363978456
kang_schafer,kang_schafer_cc,ctmle,200,0,96,11.7799327768,11.8823747768,11.8271062219,-0.00869631448124,-0.0040045597926,-0.0143617017758,0.000282928827977,0.0729166666667,0.0208333333333,-0.504752721853,0.5,0.0104166666667,0.011145198431
kang_schafer,kang_schafer_cc,ctmle,1000,0,96,2.24916715625,2.24916715625,2.24916715625,0,0,0,0,0,0,,,0,0
kang_schafer,kang_schafer_cc,cui_selective_ml,200,0,96,7.02434092717,7.04576036052,7.03964520304,-0.0030493157394,-0.00217874901422,-0.00574456899309,0.000225950236511,0.09375,0.0416666666667,-0.0295874476298,0.75,0.03125,0.0216389808707
kang_schafer,kang_schafer_cc,cui_selective_ml,1000,0,96,1.47422986674,1.47764380564,1.47555566537,-0.00231574395257,-0.000899316085126,-0.00292609648817,0.000331203455105,0.177083333333,0.0520833333333,-0.0430873719164,0.6,0.03125,0.0210460726931
kang_schafer,kang_schafer_cc,ma_dr_bc,200,0,96,42.2944337257,37.5859021849,38.1520271544,0.11132745201,0.097942121609,0.0158696943962,0.1886779583,0.520833333333,0.25,0.316927745699,0.375,0.09375,0.159605337959
kang_schafer,kang_schafer_cc,ma_dr_bc,1000,0,96,9.18912498442,6.34712180479,6.89630572743,0.309278977536,0.249514427204,0.170603855798,0.326215606892,0.864583333333,0.59375,0.39141301379,0.140350877193,0.0833333333333,0.425996558679
kang_schafer,kang_schafer_cc,tmle,200,0,96,10.0278410352,16.5118408633,10.4883791648,-0.646599782092,-0.0459259503641,-0.106247762621,-0.0057086732314,0.53125,0.09375,-0.608380106664,0.777777777778,0.0729166666667,0.0319190867198
kang_schafer,kang_schafer_cc,tmle,1000,0,96,1.53562847314,2.30294485549,1.48070597721,-0.499675797737,0.0357654842269,-0.0290548851206,0.116790916429,0.96875,0.09375,0.237205108775,0.444444444444,0.0416666666667,0.0356416522477
kang_schafer,kang_schafer_ci,aipw,200,0,96,67.2219716908,48.8726322838,60.4627312602,0.27296639693,0.100551058836,0.0276470526845,0.194937960671,0.75,0.1875,0.442179547664,0.0555555555556,0.0104166666667,0.0699691583713
kang_schafer,kang_schafer_ci,aipw,1000,0,96,5.23599384725,3.85124753566,4.63156391605,0.264466756836,0.11543747927,-0.0223889186702,0.23064906921,0.989583333333,0.239583333333,0.318929539229,0.217391304348,0.0520833333333,0.117796790223
kang_schafer,kang_schafer_ci,ctmle,200,0,96,11.626606922,11.6284316957,11.626606922,-0.000156948084432,0,0,0,0.03125,0,,,0,0
kang_schafer,kang_schafer_ci,ctmle,1000,0,96,2.29526766003,2.29526766003,2.29526766003,0,0,0,0,0,0,,,0,0
kang_schafer,kang_schafer_ci,cui_selective_ml,200,0,96,6.71468702674,6.69144446094,6.70925593922,0.00346145184487,0.000808837031037,-6.80064192232e-06,0.00268185248113,0.135416666667,0.03125,0.042808849405,0.333333333333,0.0104166666667,0.0098096522256
kang_schafer,kang_schafer_ci,cui_selective_ml,1000,0,96,1.15282037701,1.15238246174,1.15282037701,0.00037986426913,0,0,0,0.09375,0,,,0,0
kang_schafer,kang_schafer_ci,ma_dr_bc,200,0,96,52.8171186708,39.6317849031,43.0503016555,0.249641292436,0.184917641498,0.0553771292955,0.336659962363,0.53125,0.208333333333,0.383171621534,0.2,0.0416666666667,0.125358032243
kang_schafer,kang_schafer_ci,ma_dr_bc,1000,0,96,8.14604768798,4.74117535081,5.26367649003,0.417978443975,0.35383676948,0.274810291367,0.435570007868,0.895833333333,0.583333333333,0.487723106027,0.160714285714,0.09375,0.430258114849
kang_schafer,kang_schafer_ci,tmle,200,0,96,11.2091367859,15.1318572873,10.9017353003,-0.349957412087,0.027424188992,-0.0304787534912,0.0864042362327,0.6875,0.135416666667,0.15805749206,0.461538461538,0.0625,0.0367486682327
kang_schafer,kang_schafer_ci,tmle,1000,0,96,1.55582446902,2.57315111206,1.74912195228,-0.653882660484,-0.124241189876,-0.34654940258,0.0442058477867,0.989583333333,0.1875,-0.728650014894,0.666666666667,0.125,0.0895394284776
kang_schafer,kang_schafer_ic,aipw,200,0,96,95.8277920761,71.6584574679,84.1380036264,0.25221633604,0.12198745475,0.0525760573463,0.188719466454,0.395833333333,0.15625,0.297352706545,0.0666666666667,0.0104166666667,0.0601433371811
kang_schafer,kang_schafer_ic,aipw,1000,0,96,8.08847396784,6.99877837863,7.89898254189,0.134722024642,0.0234273395333,0.00576427931037,0.0473673210718,0.614583333333,0.135416666667,0.117685113796,0.153846153846,0.0208333333333,0.0454288922029
kang_schafer,kang_schafer_ic,ctmle,200,0,96,16.769315199,16.4708198325,16.5095049843,0.0178000927841,0.0154931916798,0,0.0447860033951,0.0208333333333,0.0104166666667,0.160397614983,0,0,0.00900155987109
kang_schafer,kang_schafer_ic,ctmle,1000,0,96,2.49065449284,2.49065449284,2.49065449284,0,0,0,0,0,0,,,0,0
kang_schafer,kang_schafer_ic,cui_selective_ml,200,0,96,13.7404345672,11.4061206844,12.3950753313,0.169886466939,0.0979124225874,0.00962043436476,0.193266241874,0.770833333333,0.125,0.412422240577,0.333333333333,0.0416666666667,0.0618640887299
kang_schafer,kang_schafer_ic,cui_selective_ml,1000,0,96,1.96552415732,1.75441121058,1.92399417923,0.107407963397,0.0211292127569,-0.0269040357392,0.0708107658598,1,0.177083333333,0.0855900961125,0.235294117647,0.0416666666667,0.0688013215425
kang_schafer,kang_schafer_ic,ma_dr_bc,200,0,96,55.6291672841,54.527318528,55.1069467651,0.0198070330704,0.00938753075862,-0.0737907602514,0.0651536272347,0.28125,0.145833333333,0.0273465267185,0.428571428571,0.0625,0.0769599335709
kang_schafer,kang_schafer_ic,ma_dr_bc,1000,0,96,6.75425846168,6.27031699142,6.4509306504,0.0716498299554,0.044909121112,0.00758283906472,0.0952493605683,0.427083333333,0.208333333333,0.17816359369,0.25,0.0520833333333,0.117059779884
kang_schafer,kang_schafer_ic,tmle,200,0,96,14.6787933671,15.9553555462,14.8336177432,-0.0869664247719,-0.0105474865877,-0.0525299618746,0.0122650264529,0.3125,0.0520833333333,-0.544648670914,0.4,0.0208333333333,0.0118961068284
kang_schafer,kang_schafer_ic,tmle,1000,0,96,1.8006469489,1.95656975945,1.84069076,-0.0865926608466,-0.0222385688232,-0.123590392634,0.0395885009968,0.520833333333,0.104166666667,-0.382247573507,0.3,0.03125,0.0414310847447
kang_schafer,kang_schafer_ii,aipw,200,0,96,65.9982553093,48.735516469,59.2974203939,0.261563563452,0.101530485677,-0.000617819396003,0.230215611657,0.322916666667,0.0833333333333,0.412558209797,0.25,0.0208333333333,0.0167896696154
kang_schafer,kang_schafer_ii,aipw,1000,0,96,4.91005200035,4.10255024701,4.44166166076,0.164458900493,0.0953941708884,0.0316140566145,0.172686102766,0.666666666667,0.125,0.283606042049,0.0833333333333,0.0104166666667,0.0578140200609
kang_schafer,kang_schafer_ii,ctmle,200,0,96,15.2739951608,15.2739951608,15.2739951608,0,0,0,0,0,0,,,0,0
kang_schafer,kang_schafer_ii,ctmle,1000,0,96,2.79841432317,2.79841432317,2.79841432317,0,0,0,0,0,0,,,0,0
kang_schafer,kang_schafer_ii,cui_selective_ml,200,0,96,16.5581104604,11.5897728121,14.6731036812,0.300054626418,0.113841901448,0.0314695527201,0.202316841711,0.875,0.15625,0.419005558843,0.0666666666667,0.0104166666667,0.0666004281026
kang_schafer,kang_schafer_ii,cui_selective_ml,1000,0,96,2.83878775351,1.90460031539,2.46261436186,0.329079705577,0.132511981985,0.0524421677364,0.22267171486,0.979166666667,0.447916666667,0.325971169183,0.186046511628,0.0833333333333,0.207997490356
kang_schafer,kang_schafer_ii,ma_dr_bc,200,0,96,70.5152048642,67.3885682464,68.3248494576,0.044339892705,0.03106217178,0.00728484138784,0.0656105767571,0.25,0.0833333333333,0.264036726905,0,0,0.0485606607411
kang_schafer,kang_schafer_ii,ma_dr_bc,1000,0,96,6.28730856447,5.93251660702,6.01134224138,0.0564298624453,0.0438926005074,0.00263609158527,0.0939440575281,0.354166666667,0.208333333333,0.170848851997,0.3,0.0625,0.105997364637
kang_schafer,kang_schafer_ii,tmle,200,0,96,10.8559681105,10.5401203139,10.9750275172,0.0290943924519,-0.0109671846418,-0.0393830339865,0,0.239583333333,0.0104166666667,-56.6940766606,1,0.0104166666667,0.00397418310806
kang_schafer,kang_schafer_ii,tmle,1000,0,96,1.99223894257,2.09916276337,1.99259777821,-0.0536701790719,-0.000180116769218,-0.0273813927865,0.0231884099978,0.645833333333,0.0625,-0.00348839495108,0.5,0.03125,0.0278043415599
real,real_breast_cancer_aligned,aipw,6000,0,96,0.00192993638258,0.00192993638258,0.00192993638258,0,0,0,0,0,0,,,0,0
real,real_breast_cancer_aligned,aipw,6000,1,96,0.00358208831868,0.00358208831868,0.00358208831868,0,0,0,0,0,0,,,0,0
real,real_breast_cancer_aligned,aipw,6000,2,96,0.00796193399664,0.00796193399664,0.00796193399664,0,0,0,0,0,0,,,0,0
real,real_breast_cancer_aligned,ctmle,6000,0,96,0.00124285223359,0.00124285223359,0.00124285223359,0,0,0,0,0,0,,,0,0
real,real_breast_cancer_aligned,ctmle,6000,1,96,0.00248610560231,0.00248610560231,0.00248610560231,0,0,0,0,0,0,,,0,0
real,real_breast_cancer_aligned,ctmle,6000,2,96,0.0114628851285,0.0114628851285,0.0114628851285,0,0,0,0,0,0,,,0,0
real,real_breast_cancer_aligned,cui_selective_ml,6000,0,96,0.000678908973951,0.000673729498604,0.000678356784102,0.00762911604611,0.000813348873018,0,0.00279004857098,0.09375,0.0208333333333,0.751736717426,0,0,0.00887386617068
real,real_breast_cancer_aligned,cui_selective_ml,6000,1,96,0.00272916634369,0.0026977785179,0.00271977589569,0.0115008840924,0.00344077524782,0,0.0114705204435,0.135416666667,0.0104166666667,0.24235118691,0,0,0.00627980677871
real,real_breast_cancer_aligned,cui_selective_ml,6000,2,96,0.00886980320834,0.00863098271338,0.00877693191408,0.0269251176538,0.0104705022278,0.000974719826305,0.0230635413667,0.416666666667,0.0625,0.164047166483,0.166666666667,0.0104166666667,0.0345130551473
real,real_breast_cancer_aligned,ma_dr_bc,6000,0,96,0.00308774610953,0.00308774610953,0.00308774610953,0,0,0,0,0,0,,,0,0
real,real_breast_cancer_aligned,ma_dr_bc,6000,1,96,0.00719802505771,0.00719802505771,0.00719802505771,0,0,0,0,0,0,,,0,0
real,real_breast_cancer_aligned,ma_dr_bc,6000,2,96,0.0247350098409,0.0247305429166,0.0247350098409,0.000180591166256,0,0,0,0.0104166666667,0,,,0,0
real,real_breast_cancer_aligned,tmle,6000,0,96,0.000962402458208,0.000962402458208,0.000962402458208,0,0,0,0,0,0,,,0,0
real,real_breast_cancer_aligned,tmle,6000,1,96,0.00254957764085,0.00254957764085,0.00254957764085,0,0,0,0,0,0,,,0,0
real,real_breast_cancer_aligned,tmle,6000,2,96,0.00908901877521,0.00908901877521,0.00908901877521,0,0,0,0,0,0,,,0,0
real,real_breast_cancer_misaligned,aipw,6000,0,96,0.00127641293958,0.0012863473192,0.00127641293958,-0.0077830452164,0,0,0,0.0104166666667,0,,,0,0
real,real_breast_cancer_misaligned,aipw,6000,1,96,0.0024461452126,0.0024461452126,0.0024461452126,0,0,0,0,0,0,,,0,0
real,real_breast_cancer_misaligned,aipw,6000,2,96,0.0055411820055,0.00545121651185,0.00551715879024,0.0162357947387,0.00433539545075,0,0.0148326496213,0.125,0.0104166666667,0.22839114235,0,0,0.00665318163747
real,real_breast_cancer_misaligned,ctmle,6000,0,96,0.000849775853311,0.000849775853311,0.000849775853311,0,0,0,0,0,0,,,0,0
real,real_breast_cancer_misaligned,ctmle,6000,1,96,0.00233911470897,0.00233911470897,0.00233911470897,0,0,0,0,0,0,,,0,0
real,real_breast_cancer_misaligned,ctmle,6000,2,96,0.0116620305246,0.0116847816995,0.011683485022,-0.00195087594701,-0.00183968797789,-0.00611945412326,0,0.0104166666667,0.0104166666667,-0.649346951114,1,0.0104166666667,0.00988829955861
real,real_breast_cancer_misaligned,cui_selective_ml,6000,0,96,0.000643245285823,0.000626881454521,0.0006390373965,0.0254394888908,0.00654165590683,0,0.0228457588551,0.125,0.0104166666667,0.411840856903,0,0,0.00516447132893
real,real_breast_cancer_misaligned,cui_selective_ml,6000,1,96,0.00243239399441,0.00237400677027,0.00239346285898,0.0240040159077,0.0160052752637,-0.00248628092174,0.0524286000573,0.40625,0.0520833333333,0.256025093929,0.4,0.0208333333333,0.0186248935122
real,real_breast_cancer_misaligned,cui_selective_ml,6000,2,96,0.0108861290363,0.00864823984621,0.00999344174072,0.205572539389,0.0820022702858,0.035692109422,0.13992624485,0.583333333333,0.166666666667,0.228858069747,0,0,0.0780253971435
real,real_breast_cancer_misaligned,ma_dr_bc,6000,0,96,0.00209876902563,0.00209876902563,0.00209876902563,0,0,0,0,0,0,,,0,0
real,real_breast_cancer_misaligned,ma_dr_bc,6000,1,96,0.00695050625418,0.00695050625418,0.00695050625418,0,0,0,0,0,0,,,0,0
real,real_breast_cancer_misaligned,ma_dr_bc,6000,2,96,0.0265531554626,0.02650660445,0.0265531554626,0.00175312544749,0,0,0,0.0208333333333,0,,,0,0
real,real_breast_cancer_misaligned,tmle,6000,0,96,0.000595621361478,0.000595621361478,0.000595621361478,0,0,0,0,0,0,,,0,0
real,real_breast_cancer_misaligned,tmle,6000,1,96,0.00183467767201,0.00183964415248,0.00183467767201,-0.00270700436723,0,0,0,0.0208333333333,0,,,0,0
real,real_breast_cancer_misaligned,tmle,6000,2,96,0.0071539915568,0.00706741832573,0.00709116795804,0.0121013884882,0.00878161488787,0.00141542303228,0.0194458198736,0.125,0.0520833333333,0.293701482225,0,0,0.0287019166336
real,real_digits_aligned,aipw,6000,0,96,0.0020890311422,0.0020890311422,0.0020890311422,0,0,0,0,0,0,,,0,0
real,real_digits_aligned,aipw,6000,1,96,0.0071168537155,0.0071168537155,0.0071168537155,0,0,0,0,0,0,,,0,0
real,real_digits_aligned,aipw,6000,2,96,0.0173434377467,0.0173434377467,0.0173434377467,0,0,0,0,0,0,,,0,0
real,real_digits_aligned,ctmle,6000,0,96,0.00149228505141,0.00149228505141,0.00149228505141,0,0,0,0,0,0,,,0,0
real,real_digits_aligned,ctmle,6000,1,96,0.00347434840828,0.00347434840828,0.00347434840828,0,0,0,0,0,0,,,0,0
real,real_digits_aligned,ctmle,6000,2,96,0.020914788788,0.020914788788,0.020914788788,0,0,0,0,0,0,,,0,0
real,real_digits_aligned,cui_selective_ml,6000,0,96,0.000928704941337,0.00091889214057,0.000919692441699,0.0105661123685,0.00970437351788,0,0.0329935589611,0.0625,0.0104166666667,0.572097771973,0,0,0.00513978138457
real,real_digits_aligned,cui_selective_ml,6000,1,96,0.00297866931203,0.00297046478937,0.00297537175587,0.00275442548352,0.0011070568142,0,0.00328560551901,0.0625,0.0208333333333,0.0621460458822,0,0,0.00407018700748
real,real_digits_aligned,cui_selective_ml,6000,2,96,0.0145127530099,0.014530661554,0.0145127530099,-0.00123398669328,0,0,0,0.0520833333333,0,,,0,0
real,real_digits_aligned,ma_dr_bc,6000,0,96,0.00212288826564,0.00212288826564,0.00212288826564,0,0,0,0,0,0,,,0,0
real,real_digits_aligned,ma_dr_bc,6000,1,96,0.0107695030636,0.0107695030636,0.0107695030636,0,0,0,0,0,0,,,0,0
real,real_digits_aligned,ma_dr_bc,6000,2,96,0.0458047175985,0.0458047175985,0.0458047175985,0,0,0,0,0,0,,,0,0
real,real_digits_aligned,tmle,6000,0,96,0.000802974083116,0.000802974083116,0.000802974083116,0,0,0,0,0,0,,,0,0
real,real_digits_aligned,tmle,6000,1,96,0.00386812891188,0.00386812891188,0.00386812891188,0,0,0,0,0,0,,,0,0
real,real_digits_aligned,tmle,6000,2,96,0.0177796521686,0.0177796521686,0.0177796521686,0,0,0,0,0,0,,,0,0
real,real_digits_misaligned,aipw,6000,0,96,0.00226657746377,0.00226657746377,0.00226657746377,0,0,0,0,0,0,,,0,0
real,real_digits_misaligned,aipw,6000,1,96,0.0027002336545,0.00266671281931,0.00267410062732,0.0124140498473,0.00967806142764,-0.000410706427829,0.0318373586205,0.0416666666667,0.03125,0.499219539277,0.333333333333,0.0104166666667,0.0137985504497
real,real_digits_misaligned,aipw,6000,2,96,0.00305906006685,0.00302742968545,0.0030479564238,0.0103399020317,0.00362975646403,0,0.0123028014443,0.0625,0.0208333333333,0.284339330703,0,0,0.00768540910262
real,real_digits_misaligned,ctmle,6000,0,96,0.00180124621491,0.00180124621491,0.00180124621491,0,0,0,0,0,0,,,0,0
real,real_digits_misaligned,ctmle,6000,1,96,0.0014933945734,0.0014933945734,0.0014933945734,0,0,0,0,0,0,,,0,0
real,real_digits_misaligned,ctmle,6000,2,96,0.00145251694649,0.00145251694649,0.00145251694649,0,0,0,0,0,0,,,0,0
real,real_digits_misaligned,cui_selective_ml,6000,0,96,0.00146689816242,0.00146595791229,0.00146526002951,0.000640978464739,0.00111673254172,0,0.00390417711654,0.0520833333333,0.0104166666667,0.164874312686,0,0,0.00587655049247
real,real_digits_misaligned,cui_selective_ml,6000,1,96,0.00387475001305,0.00387105185212,0.00388336113844,0.000954425683595,-0.00222236927671,-0.0255609750336,0.00447339594232,0.09375,0.03125,-0.190419762732,0.666666666667,0.0208333333333,0.0161418392513
real,real_digits_misaligned,cui_selective_ml,6000,2,96,0.00162861600824,0.00157040525578,0.00162077053549,0.0357424660945,0.00481726368254,-0.00169371302131,0.0152864726471,0.291666666667,0.0520833333333,0.252437421601,0.2,0.0104166666667,0.0322703137395
real,real_digits_misaligned,ma_dr_bc,6000,0,96,0.00347291150505,0.00347291150505,0.00347291150505,0,0,0,0,0,0,,,0,0
real,real_digits_misaligned,ma_dr_bc,6000,1,96,0.00290159995743,0.00290159995743,0.00290159995743,0,0,0,0,0,0,,,0,0
real,real_digits_misaligned,ma_dr_bc,6000,2,96,0.00382221205866,0.00382221205866,0.00382221205866,0,0,0,0,0,0,,,0,0
real,real_digits_misaligned,tmle,6000,0,96,0.0010879807599,0.0010879807599,0.0010879807599,0,0,0,0,0,0,,,0,0
real,real_digits_misaligned,tmle,6000,1,96,0.00110945822922,0.0011046400476,0.00110945822922,0.00434282381008,0,0,0,0.0104166666667,0,,,0,0
real,real_digits_misaligned,tmle,6000,2,96,0.00158960992858,0.00158991426171,0.00158917926288,-0.000191451453519,0.000270925396812,0,0.000964325008374,0.0416666666667,0.0104166666667,0.252195430428,0,0,0.00172343316384
